ID,Q1,Q2_1,Q2_2,Q2_3,Q3_1,Q3_2,Q3_3,Q3_4,Q3_5,Q4_1,Q4_2,Q4_3,Q4_4,Q5_1,Q5_2,Q5_3,Q5_4,Q5_5,Q6_1,Q6_2,Q6_3,Q6_4,Q6_5,Q7_1,Q7_2,Q7_3,Q7_4,Q8_1,Q8_2,Q8_3,Q9,Q10_1,Q10_2,재구매의도2차1번,재구매의도2차2번,재구매의도2차3번,재구매의도3차1번,재구매의도3차2번,재구매의도3차3번
1.0,2.0,3.0,3.0,3.0,3.0,3.0,3.0,3.0,3.0,2.0,2.0,2.0,2.0,2.0,2.0,2.0,2.0,2.0,2.0,2.0,4.0,4.0,4.0,3.0,3.0,3.0,3.0,2.0,2.0,2.0,1.0,1.0,50.0,5.0,5.0,5.0,4.0,5.0,5.0
2.0,1.0,2.0,2.0,2.0,2.0,2.0,3.0,3.0,3.0,4.0,3.0,3.0,3.0,2.0,3.0,2.0,2.0,2.0,3.0,3.0,2.0,3.0,3.0,2.0,3.0,3.0,3.0,3.0,2.0,2.0,0.0,1.0,38.0,3.0,3.0,3.0,2.0,2.0,2.0
3.0,2.0,4.0,3.0,2.0,4.0,4.0,4.0,4.0,4.0,3.0,3.0,3.0,3.0,4.0,4.0,3.0,3.0,3.0,3.0,3.0,3.0,3.0,4.0,3.0,4.0,4.0,5.0,3.0,3.0,3.0,0.0,1.0,48.0,5.0,3.0,4.0,5.0,5.0,5.0
4.0,3.0,3.0,3.0,3.0,2.0,2.0,2.0,2.0,2.0,2.0,2.0,2.0,2.0,3.0,3.0,3.0,2.0,2.0,2.0,2.0,3.0,3.0,3.0,2.0,3.0,3.0,3.0,3.0,2.0,2.0,0.0,1.0,47.0,2.0,2.0,2.0,2.0,2.0,1.0
5.0,3.0,5.0,2.0,3.0,2.0,3.0,2.0,3.0,3.0,3.0,3.0,3.0,3.0,2.0,3.0,2.0,2.0,2.0,3.0,3.0,2.0,3.0,3.0,2.0,2.0,2.0,2.0,2.0,2.0,2.0,0.0,1.0,51.0,1.0,1.0,1.0,2.0,1.0,2.0
6.0,1.0,2.0,1.0,0.0,3.0,3.0,3.0,2.0,3.0,3.0,3.0,2.0,3.0,4.0,4.0,3.0,3.0,4.0,4.0,5.0,5.0,4.0,4.0,3.0,3.0,2.0,3.0,4.0,4.0,3.0,0.0,2.0,30.0,4.0,4.0,4.0,5.0,4.0,4.0
7.0,3.0,4.0,3.0,3.0,4.0,4.0,4.0,3.0,3.0,2.0,2.0,2.0,3.0,3.0,3.0,3.0,3.0,3.0,5.0,4.0,3.0,4.0,3.0,2.0,3.0,3.0,2.0,3.0,3.0,3.0,0.0,2.0,49.0,3.0,2.0,3.0,3.0,3.0,3.0
8.0,1.0,2.0,1.0,0.0,3.0,4.0,4.0,4.0,4.0,2.0,2.0,2.0,2.0,3.0,3.0,3.0,3.0,2.0,3.0,4.0,4.0,4.0,4.0,3.0,3.0,3.0,3.0,2.0,3.0,2.0,1.0,1.0,49.0,3.0,2.0,3.0,2.0,2.0,3.0
9.0,2.0,4.0,1.0,0.0,4.0,3.0,4.0,4.0,4.0,2.0,4.0,4.0,4.0,3.0,3.0,4.0,4.0,4.0,4.0,5.0,5.0,5.0,5.0,4.0,5.0,5.0,5.0,4.0,3.0,3.0,1.0,2.0,25.0,1.0,2.0,3.0,1.0,1.0,2.0
10.0,2.0,2.0,1.0,0.0,4.0,4.0,4.0,4.0,4.0,3.0,2.0,3.0,3.0,3.0,3.0,4.0,3.0,4.0,4.0,4.0,3.0,4.0,4.0,3.0,4.0,3.0,3.0,4.0,4.0,4.0,1.0,2.0,47.0,4.0,2.0,2.0,4.0,2.0,4.0
11.0,1.0,3.0,3.0,2.0,5.0,5.0,5.0,5.0,5.0,4.0,3.0,4.0,3.0,4.0,4.0,5.0,5.0,4.0,5.0,5.0,4.0,5.0,3.0,4.0,4.0,5.0,5.0,5.0,5.0,5.0,1.0,2.0,47.0,5.0,5.0,5.0,5.0,5.0,5.0
12.0,3.0,4.0,3.0,2.0,3.0,3.0,3.0,3.0,2.0,2.0,2.0,2.0,3.0,3.0,2.0,3.0,3.0,3.0,3.0,2.0,3.0,3.0,3.0,2.0,2.0,2.0,2.0,2.0,2.0,2.0,0.0,1.0,49.0,1.0,2.0,2.0,2.0,1.0,1.0
13.0,1.0,3.0,2.0,2.0,4.0,4.0,4.0,3.0,3.0,3.0,3.0,4.0,4.0,3.0,4.0,4.0,4.0,4.0,3.0,4.0,4.0,5.0,4.0,3.0,3.0,3.0,3.0,4.0,4.0,3.0,1.0,2.0,35.0,4.0,5.0,5.0,4.0,5.0,5.0
14.0,2.0,3.0,2.0,1.0,3.0,3.0,3.0,3.0,3.0,3.0,3.0,3.0,3.0,3.0,3.0,3.0,3.0,3.0,3.0,3.0,3.0,4.0,4.0,3.0,2.0,2.0,2.0,3.0,3.0,3.0,0.0,1.0,33.0,3.0,1.0,3.0,2.0,3.0,2.0
15.0,2.0,4.0,2.0,1.0,4.0,4.0,4.0,4.0,4.0,3.0,3.0,3.0,3.0,3.0,3.0,3.0,3.0,3.0,3.0,3.0,3.0,4.0,4.0,3.0,4.0,4.0,4.0,3.0,3.0,3.0,1.0,1.0,73.0,4.0,2.0,4.0,3.0,2.0,2.0
16.0,1.0,2.0,1.0,1.0,4.0,4.0,4.0,4.0,4.0,2.0,2.0,2.0,2.0,2.0,2.0,3.0,3.0,3.0,3.0,3.0,3.0,3.0,3.0,3.0,4.0,3.0,4.0,3.0,3.0,3.0,0.0,1.0,66.0,4.0,3.0,3.0,4.0,3.0,4.0
17.0,2.0,3.0,2.0,1.0,5.0,5.0,5.0,5.0,4.0,3.0,3.0,3.0,3.0,3.0,3.0,4.0,4.0,4.0,4.0,4.0,3.0,3.0,3.0,4.0,4.0,4.0,4.0,3.0,3.0,3.0,1.0,1.0,54.0,3.0,4.0,4.0,5.0,3.0,5.0
18.0,2.0,3.0,3.0,3.0,2.0,2.0,2.0,2.0,2.0,2.0,2.0,2.0,2.0,2.0,2.0,3.0,3.0,3.0,3.0,3.0,3.0,3.0,3.0,3.0,3.0,3.0,4.0,2.0,2.0,3.0,0.0,1.0,65.0,4.0,2.0,3.0,2.0,2.0,4.0
19.0,2.0,3.0,1.0,0.0,2.0,2.0,2.0,2.0,2.0,3.0,3.0,3.0,2.0,3.0,3.0,3.0,2.0,3.0,2.0,2.0,2.0,2.0,2.0,2.0,2.0,2.0,2.0,2.0,3.0,2.0,0.0,2.0,66.0,2.0,3.0,3.0,2.0,4.0,2.0
20.0,2.0,2.0,1.0,1.0,3.0,2.0,1.0,1.0,2.0,3.0,4.0,2.0,3.0,4.0,3.0,3.0,3.0,3.0,4.0,4.0,3.0,3.0,4.0,4.0,3.0,4.0,3.0,3.0,3.0,4.0,1.0,2.0,50.0,4.0,3.0,2.0,2.0,2.0,2.0
21.0,3.0,3.0,3.0,3.0,4.0,3.0,4.0,4.0,3.0,3.0,3.0,3.0,4.0,4.0,3.0,4.0,4.0,4.0,4.0,4.0,4.0,4.0,4.0,4.0,4.0,5.0,5.0,3.0,3.0,3.0,1.0,2.0,40.0,3.0,3.0,3.0,3.0,2.0,3.0
22.0,3.0,2.0,1.0,0.0,3.0,4.0,3.0,4.0,4.0,4.0,3.0,3.0,4.0,4.0,4.0,4.0,3.0,4.0,5.0,5.0,5.0,5.0,5.0,2.0,4.0,4.0,4.0,3.0,3.0,3.0,0.0,2.0,26.0,3.0,3.0,3.0,3.0,2.0,2.0
23.0,2.0,5.0,4.0,3.0,5.0,5.0,5.0,5.0,5.0,3.0,3.0,3.0,3.0,3.0,3.0,4.0,4.0,4.0,4.0,4.0,4.0,4.0,4.0,3.0,4.0,4.0,4.0,3.0,3.0,4.0,1.0,1.0,23.0,3.0,5.0,4.0,5.0,3.0,3.0
24.0,1.0,3.0,3.0,3.0,3.0,3.0,3.0,3.0,3.0,2.0,2.0,2.0,3.0,4.0,3.0,2.0,2.0,2.0,3.0,3.0,4.0,3.0,4.0,3.0,3.0,3.0,3.0,2.0,2.0,3.0,1.0,1.0,61.0,3.0,2.0,3.0,2.0,3.0,2.0
25.0,1.0,4.0,3.0,2.0,2.0,3.0,3.0,3.0,2.0,3.0,2.0,3.0,3.0,3.0,4.0,2.0,3.0,3.0,4.0,4.0,4.0,3.0,4.0,3.0,4.0,4.0,4.0,3.0,3.0,3.0,1.0,1.0,32.0,4.0,3.0,4.0,4.0,3.0,4.0
26.0,1.0,3.0,3.0,3.0,2.0,2.0,2.0,2.0,2.0,2.0,2.0,2.0,2.0,2.0,2.0,3.0,3.0,3.0,3.0,3.0,3.0,3.0,3.0,3.0,3.0,3.0,3.0,2.0,2.0,2.0,0.0,1.0,56.0,2.0,2.0,2.0,3.0,2.0,3.0
27.0,2.0,2.0,2.0,1.0,2.0,3.0,4.0,3.0,2.0,4.0,4.0,4.0,3.0,4.0,5.0,4.0,3.0,4.0,4.0,3.0,4.0,5.0,4.0,3.0,3.0,3.0,3.0,4.0,4.0,4.0,0.0,1.0,55.0,4.0,4.0,2.0,3.0,4.0,2.0
28.0,3.0,2.0,1.0,0.0,3.0,3.0,3.0,3.0,3.0,2.0,2.0,2.0,2.0,2.0,2.0,3.0,3.0,3.0,3.0,3.0,3.0,3.0,3.0,4.0,3.0,4.0,4.0,3.0,3.0,3.0,1.0,1.0,49.0,2.0,3.0,3.0,3.0,2.0,3.0
29.0,2.0,5.0,3.0,3.0,3.0,3.0,3.0,4.0,3.0,2.0,2.0,2.0,3.0,2.0,1.0,3.0,3.0,2.0,5.0,5.0,5.0,4.0,5.0,2.0,3.0,3.0,3.0,2.0,3.0,3.0,0.0,2.0,48.0,3.0,3.0,3.0,2.0,2.0,3.0
30.0,3.0,3.0,3.0,3.0,3.0,3.0,3.0,3.0,3.0,2.0,2.0,2.0,2.0,3.0,3.0,3.0,3.0,3.0,4.0,4.0,4.0,4.0,4.0,2.0,2.0,2.0,2.0,3.0,3.0,3.0,0.0,2.0,21.0,2.0,2.0,2.0,2.0,2.0,2.0
31.0,1.0,5.0,4.0,3.0,3.0,2.0,3.0,3.0,3.0,2.0,2.0,2.0,2.0,2.0,1.0,3.0,3.0,2.0,4.0,4.0,4.0,4.0,4.0,1.0,3.0,3.0,3.0,3.0,2.0,2.0,0.0,2.0,25.0,3.0,3.0,2.0,2.0,3.0,2.0
32.0,2.0,5.0,5.0,4.0,3.0,2.0,3.0,2.0,4.0,2.0,2.0,2.0,2.0,3.0,2.0,3.0,4.0,3.0,4.0,4.0,4.0,3.0,3.0,3.0,3.0,3.0,2.0,3.0,3.0,3.0,0.0,2.0,41.0,4.0,4.0,2.0,2.0,3.0,2.0
33.0,2.0,5.0,5.0,5.0,2.0,4.0,3.0,3.0,4.0,2.0,3.0,3.0,5.0,5.0,3.0,3.0,4.0,3.0,4.0,4.0,4.0,3.0,3.0,3.0,4.0,4.0,4.0,4.0,4.0,4.0,0.0,2.0,29.0,3.0,3.0,4.0,5.0,5.0,3.0
34.0,3.0,3.0,2.0,2.0,3.0,2.0,3.0,2.0,3.0,2.0,2.0,1.0,3.0,4.0,2.0,3.0,4.0,3.0,4.0,4.0,4.0,4.0,4.0,3.0,3.0,2.0,2.0,4.0,3.0,3.0,0.0,2.0,35.0,2.0,3.0,2.0,3.0,2.0,3.0
35.0,3.0,3.0,3.0,1.0,3.0,3.0,3.0,2.0,3.0,2.0,2.0,2.0,4.0,4.0,2.0,3.0,4.0,3.0,4.0,4.0,4.0,4.0,4.0,3.0,4.0,4.0,4.0,3.0,4.0,4.0,0.0,2.0,44.0,4.0,3.0,4.0,4.0,3.0,4.0
36.0,2.0,2.0,1.0,0.0,3.0,3.0,3.0,2.0,2.0,1.0,1.0,2.0,3.0,3.0,2.0,2.0,3.0,2.0,5.0,5.0,4.0,4.0,4.0,1.0,3.0,3.0,3.0,2.0,2.0,2.0,0.0,1.0,58.0,5.0,5.0,4.0,5.0,3.0,4.0
37.0,3.0,5.0,5.0,5.0,3.0,4.0,4.0,4.0,4.0,3.0,3.0,4.0,4.0,3.0,3.0,3.0,3.0,3.0,3.0,3.0,4.0,4.0,4.0,1.0,2.0,1.0,2.0,3.0,3.0,3.0,0.0,2.0,23.0,2.0,2.0,3.0,3.0,3.0,2.0
38.0,1.0,3.0,3.0,2.0,3.0,3.0,3.0,2.0,4.0,2.0,2.0,3.0,3.0,3.0,3.0,3.0,3.0,3.0,5.0,5.0,3.0,3.0,4.0,2.0,3.0,4.0,3.0,3.0,3.0,3.0,0.0,2.0,30.0,4.0,3.0,4.0,4.0,4.0,3.0
39.0,1.0,5.0,3.0,2.0,3.0,3.0,3.0,3.0,3.0,3.0,3.0,3.0,3.0,3.0,3.0,3.0,3.0,3.0,3.0,3.0,3.0,3.0,3.0,3.0,3.0,3.0,3.0,3.0,3.0,3.0,0.0,2.0,35.0,3.0,3.0,4.0,3.0,3.0,3.0
40.0,1.0,3.0,3.0,2.0,3.0,3.0,3.0,3.0,2.0,1.0,1.0,2.0,3.0,3.0,2.0,3.0,3.0,3.0,5.0,5.0,5.0,5.0,4.0,2.0,3.0,3.0,3.0,2.0,2.0,3.0,0.0,2.0,46.0,2.0,2.0,2.0,3.0,2.0,3.0
41.0,2.0,4.0,4.0,4.0,2.0,3.0,3.0,3.0,2.0,1.0,4.0,1.0,3.0,4.0,4.0,1.0,3.0,1.0,5.0,5.0,5.0,5.0,5.0,1.0,3.0,3.0,3.0,3.0,3.0,3.0,0.0,1.0,26.0,1.0,2.0,3.0,1.0,2.0,1.0
42.0,1.0,4.0,3.0,3.0,2.0,3.0,3.0,3.0,3.0,3.0,3.0,3.0,3.0,3.0,3.0,3.0,3.0,3.0,3.0,3.0,3.0,3.0,3.0,3.0,3.0,3.0,3.0,3.0,3.0,3.0,1.0,1.0,42.0,3.0,3.0,3.0,3.0,3.0,3.0
43.0,2.0,4.0,3.0,3.0,4.0,4.0,4.0,4.0,4.0,3.0,3.0,3.0,4.0,4.0,4.0,4.0,4.0,4.0,4.0,4.0,4.0,4.0,4.0,3.0,5.0,4.0,4.0,4.0,4.0,4.0,1.0,1.0,49.0,3.0,3.0,5.0,5.0,3.0,4.0
44.0,3.0,4.0,3.0,3.0,4.0,4.0,4.0,4.0,4.0,3.0,2.0,2.0,2.0,2.0,2.0,2.0,2.0,2.0,3.0,3.0,3.0,2.0,2.0,2.0,4.0,4.0,4.0,2.0,2.0,2.0,0.0,1.0,23.0,2.0,2.0,1.0,2.0,1.0,2.0
45.0,1.0,5.0,3.0,2.0,2.0,2.0,2.0,2.0,3.0,3.0,3.0,3.0,3.0,4.0,3.0,3.0,4.0,2.0,4.0,4.0,3.0,3.0,3.0,3.0,4.0,3.0,3.0,3.0,4.0,3.0,1.0,2.0,21.0,3.0,3.0,4.0,4.0,3.0,3.0
46.0,3.0,3.0,2.0,2.0,4.0,3.0,3.0,3.0,4.0,2.0,2.0,2.0,2.0,2.0,2.0,4.0,4.0,4.0,4.0,4.0,4.0,3.0,4.0,1.0,1.0,1.0,1.0,4.0,4.0,3.0,0.0,2.0,33.0,3.0,4.0,3.0,4.0,4.0,4.0
47.0,1.0,3.0,2.0,2.0,2.0,2.0,2.0,2.0,2.0,3.0,4.0,3.0,3.0,3.0,2.0,3.0,3.0,3.0,3.0,2.0,2.0,2.0,2.0,3.0,3.0,3.0,3.0,2.0,3.0,2.0,0.0,2.0,32.0,2.0,3.0,2.0,2.0,2.0,3.0
48.0,2.0,3.0,2.0,1.0,3.0,2.0,3.0,4.0,3.0,1.0,4.0,3.0,4.0,3.0,4.0,2.0,3.0,4.0,4.0,4.0,4.0,4.0,4.0,3.0,3.0,3.0,3.0,3.0,3.0,4.0,1.0,1.0,33.0,3.0,4.0,4.0,5.0,3.0,5.0
49.0,3.0,5.0,3.0,2.0,3.0,3.0,3.0,2.0,2.0,2.0,2.0,3.0,1.0,3.0,3.0,4.0,4.0,3.0,4.0,4.0,4.0,4.0,4.0,3.0,4.0,4.0,4.0,3.0,3.0,4.0,0.0,1.0,52.0,3.0,2.0,2.0,3.0,3.0,3.0
50.0,2.0,4.0,3.0,2.0,3.0,3.0,3.0,3.0,3.0,3.0,3.0,2.0,2.0,3.0,3.0,3.0,3.0,3.0,3.0,3.0,3.0,3.0,3.0,3.0,2.0,2.0,2.0,3.0,3.0,3.0,0.0,1.0,55.0,2.0,3.0,2.0,2.0,4.0,3.0
51.0,2.0,2.0,2.0,4.0,4.0,4.0,4.0,4.0,5.0,2.0,3.0,3.0,3.0,3.0,2.0,3.0,3.0,3.0,4.0,4.0,4.0,3.0,3.0,2.0,3.0,3.0,3.0,2.0,2.0,3.0,0.0,2.0,40.0,2.0,3.0,3.0,4.0,4.0,4.0
52.0,1.0,5.0,4.0,4.0,3.0,2.0,2.0,3.0,2.0,2.0,2.0,2.0,2.0,3.0,3.0,2.0,2.0,2.0,3.0,2.0,3.0,3.0,2.0,2.0,2.0,2.0,3.0,2.0,3.0,3.0,0.0,2.0,34.0,3.0,4.0,4.0,4.0,3.0,4.0
53.0,1.0,3.0,4.0,2.0,3.0,3.0,3.0,3.0,3.0,2.0,2.0,3.0,4.0,4.0,3.0,3.0,3.0,3.0,4.0,5.0,3.0,3.0,5.0,3.0,3.0,3.0,3.0,4.0,3.0,4.0,0.0,2.0,56.0,5.0,5.0,5.0,4.0,4.0,5.0
54.0,1.0,4.0,2.0,3.0,3.0,3.0,3.0,3.0,3.0,3.0,3.0,3.0,3.0,2.0,2.0,2.0,2.0,2.0,3.0,3.0,3.0,3.0,4.0,2.0,3.0,3.0,3.0,2.0,2.0,2.0,0.0,2.0,28.0,3.0,3.0,3.0,2.0,3.0,2.0
55.0,2.0,5.0,5.0,5.0,2.0,2.0,2.0,2.0,3.0,1.0,1.0,1.0,3.0,3.0,2.0,3.0,4.0,3.0,3.0,3.0,3.0,2.0,2.0,1.0,3.0,3.0,3.0,3.0,3.0,3.0,0.0,1.0,25.0,3.0,1.0,3.0,2.0,1.0,3.0
56.0,2.0,3.0,3.0,5.0,3.0,3.0,2.0,2.0,4.0,2.0,2.0,2.0,3.0,3.0,3.0,3.0,2.0,4.0,4.0,3.0,3.0,3.0,3.0,2.0,3.0,2.0,3.0,3.0,3.0,3.0,0.0,2.0,65.0,5.0,5.0,5.0,5.0,5.0,5.0
57.0,2.0,4.0,4.0,5.0,3.0,2.0,2.0,3.0,3.0,2.0,2.0,2.0,3.0,3.0,2.0,3.0,4.0,3.0,4.0,4.0,4.0,4.0,4.0,2.0,3.0,2.0,3.0,3.0,3.0,3.0,0.0,2.0,29.0,4.0,4.0,3.0,4.0,4.0,2.0
58.0,3.0,2.0,4.0,3.0,3.0,3.0,3.0,3.0,3.0,3.0,4.0,3.0,3.0,3.0,4.0,3.0,4.0,3.0,4.0,3.0,4.0,4.0,4.0,3.0,2.0,3.0,3.0,4.0,4.0,3.0,0.0,2.0,68.0,3.0,3.0,4.0,4.0,4.0,3.0
59.0,1.0,5.0,5.0,4.0,3.0,3.0,3.0,2.0,3.0,2.0,2.0,4.0,2.0,3.0,3.0,3.0,3.0,3.0,5.0,4.0,5.0,4.0,3.0,1.0,2.0,1.0,2.0,3.0,3.0,3.0,0.0,2.0,23.0,4.0,4.0,4.0,3.0,3.0,4.0
60.0,3.0,2.0,2.0,3.0,3.0,3.0,4.0,4.0,3.0,2.0,3.0,3.0,3.0,3.0,2.0,3.0,4.0,4.0,4.0,4.0,4.0,4.0,4.0,3.0,3.0,2.0,3.0,4.0,3.0,3.0,0.0,2.0,43.0,2.0,3.0,2.0,3.0,2.0,3.0
61.0,1.0,4.0,4.0,5.0,4.0,4.0,4.0,4.0,4.0,2.0,2.0,2.0,2.0,2.0,3.0,3.0,3.0,3.0,3.0,3.0,3.0,3.0,3.0,3.0,2.0,2.0,2.0,3.0,2.0,3.0,1.0,1.0,53.0,3.0,4.0,3.0,3.0,3.0,4.0
62.0,1.0,3.0,4.0,3.0,5.0,5.0,5.0,5.0,5.0,2.0,2.0,2.0,2.0,2.0,2.0,3.0,3.0,3.0,3.0,3.0,4.0,4.0,4.0,4.0,3.0,3.0,3.0,2.0,3.0,3.0,1.0,1.0,30.0,4.0,3.0,4.0,4.0,3.0,3.0
63.0,1.0,3.0,3.0,3.0,3.0,4.0,3.0,3.0,4.0,1.0,1.0,3.0,3.0,3.0,3.0,3.0,3.0,4.0,3.0,4.0,3.0,3.0,3.0,3.0,3.0,3.0,3.0,4.0,4.0,3.0,0.0,1.0,37.0,4.0,5.0,5.0,4.0,5.0,4.0
64.0,1.0,5.0,5.0,4.0,5.0,4.0,4.0,3.0,4.0,5.0,4.0,4.0,3.0,5.0,3.0,3.0,4.0,4.0,5.0,3.0,4.0,4.0,4.0,4.0,3.0,4.0,3.0,4.0,3.0,3.0,1.0,1.0,61.0,4.0,3.0,4.0,3.0,3.0,4.0
65.0,2.0,1.0,2.0,3.0,3.0,3.0,3.0,3.0,3.0,2.0,2.0,2.0,2.0,2.0,2.0,3.0,3.0,3.0,3.0,3.0,3.0,3.0,3.0,2.0,3.0,3.0,3.0,3.0,2.0,2.0,0.0,1.0,31.0,5.0,3.0,3.0,5.0,3.0,5.0
66.0,1.0,5.0,5.0,5.0,5.0,5.0,5.0,5.0,4.0,4.0,3.0,4.0,4.0,5.0,5.0,4.0,4.0,4.0,4.0,4.0,4.0,4.0,4.0,3.0,5.0,5.0,5.0,5.0,5.0,4.0,0.0,1.0,28.0,5.0,5.0,5.0,5.0,5.0,5.0
67.0,1.0,3.0,4.0,2.0,4.0,4.0,3.0,2.0,3.0,2.0,3.0,3.0,3.0,2.0,2.0,2.0,3.0,3.0,4.0,4.0,4.0,4.0,4.0,2.0,3.0,2.0,3.0,2.0,3.0,3.0,0.0,2.0,65.0,4.0,3.0,3.0,4.0,4.0,4.0
68.0,3.0,4.0,3.0,3.0,4.0,4.0,3.0,3.0,3.0,2.0,2.0,1.0,4.0,5.0,2.0,2.0,5.0,3.0,4.0,4.0,4.0,3.0,4.0,2.0,4.0,4.0,4.0,3.0,3.0,4.0,0.0,1.0,69.0,3.0,2.0,3.0,2.0,2.0,3.0
69.0,1.0,4.0,2.0,2.0,4.0,4.0,4.0,4.0,4.0,3.0,4.0,4.0,5.0,3.0,3.0,4.0,4.0,4.0,4.0,4.0,5.0,4.0,4.0,3.0,3.0,3.0,3.0,4.0,4.0,3.0,1.0,1.0,29.0,4.0,4.0,4.0,5.0,4.0,4.0
70.0,2.0,3.0,2.0,2.0,3.0,3.0,3.0,3.0,3.0,2.0,2.0,2.0,3.0,3.0,2.0,3.0,4.0,3.0,4.0,4.0,4.0,4.0,4.0,2.0,4.0,4.0,3.0,3.0,3.0,3.0,0.0,1.0,42.0,3.0,2.0,1.0,2.0,3.0,1.0
71.0,2.0,4.0,2.0,4.0,4.0,4.0,4.0,4.0,4.0,2.0,2.0,2.0,4.0,4.0,3.0,2.0,4.0,3.0,4.0,4.0,4.0,4.0,3.0,3.0,4.0,3.0,3.0,3.0,3.0,4.0,1.0,1.0,34.0,1.0,1.0,1.0,1.0,1.0,1.0
72.0,1.0,2.0,4.0,4.0,4.0,3.0,3.0,3.0,4.0,3.0,2.0,2.0,3.0,4.0,3.0,4.0,4.0,3.0,4.0,4.0,4.0,3.0,4.0,3.0,3.0,3.0,3.0,3.0,3.0,4.0,0.0,1.0,65.0,3.0,4.0,4.0,3.0,3.0,3.0
73.0,1.0,2.0,4.0,3.0,3.0,3.0,3.0,3.0,2.0,3.0,1.0,3.0,4.0,3.0,4.0,4.0,3.0,3.0,4.0,5.0,5.0,5.0,4.0,1.0,3.0,3.0,3.0,3.0,3.0,4.0,0.0,1.0,59.0,3.0,3.0,4.0,3.0,4.0,3.0
74.0,2.0,2.0,3.0,2.0,4.0,3.0,3.0,3.0,4.0,3.0,2.0,3.0,3.0,3.0,3.0,3.0,3.0,3.0,4.0,4.0,4.0,4.0,4.0,2.0,3.0,3.0,3.0,3.0,3.0,3.0,0.0,1.0,65.0,4.0,5.0,5.0,5.0,4.0,5.0
75.0,1.0,4.0,4.0,5.0,3.0,4.0,4.0,3.0,4.0,3.0,3.0,4.0,4.0,4.0,3.0,3.0,3.0,3.0,4.0,3.0,5.0,4.0,3.0,4.0,3.0,4.0,3.0,4.0,4.0,4.0,1.0,2.0,34.0,5.0,5.0,5.0,4.0,5.0,5.0
76.0,2.0,3.0,2.0,2.0,3.0,4.0,4.0,3.0,4.0,4.0,3.0,1.0,4.0,4.0,3.0,3.0,4.0,4.0,5.0,5.0,5.0,5.0,5.0,3.0,4.0,3.0,3.0,3.0,4.0,3.0,1.0,1.0,45.0,3.0,3.0,3.0,3.0,3.0,2.0
77.0,2.0,5.0,4.0,4.0,4.0,5.0,4.0,5.0,5.0,4.0,5.0,4.0,5.0,5.0,5.0,4.0,4.0,4.0,4.0,4.0,4.0,4.0,4.0,4.0,3.0,4.0,4.0,5.0,5.0,4.0,1.0,1.0,47.0,2.0,3.0,3.0,2.0,3.0,3.0
78.0,2.0,2.0,3.0,2.0,4.0,4.0,3.0,3.0,3.0,3.0,3.0,2.0,2.0,2.0,2.0,2.0,2.0,2.0,3.0,3.0,3.0,3.0,3.0,2.0,3.0,3.0,3.0,2.0,2.0,2.0,0.0,1.0,39.0,3.0,4.0,3.0,5.0,5.0,3.0
79.0,1.0,5.0,5.0,4.0,5.0,4.0,4.0,4.0,4.0,4.0,4.0,4.0,4.0,4.0,4.0,4.0,3.0,4.0,4.0,4.0,5.0,4.0,5.0,4.0,5.0,5.0,5.0,3.0,3.0,4.0,1.0,1.0,53.0,4.0,4.0,4.0,4.0,4.0,4.0
80.0,3.0,5.0,4.0,4.0,3.0,3.0,3.0,3.0,3.0,2.0,2.0,2.0,2.0,2.0,2.0,2.0,2.0,2.0,2.0,2.0,2.0,2.0,2.0,3.0,2.0,2.0,2.0,2.0,2.0,2.0,0.0,1.0,65.0,1.0,2.0,1.0,1.0,2.0,2.0
81.0,1.0,2.0,3.0,2.0,2.0,3.0,3.0,3.0,3.0,1.0,1.0,1.0,1.0,1.0,1.0,2.0,2.0,2.0,3.0,3.0,3.0,3.0,3.0,2.0,3.0,3.0,3.0,1.0,2.0,1.0,0.0,1.0,45.0,1.0,1.0,2.0,1.0,1.0,2.0
82.0,3.0,4.0,2.0,4.0,3.0,3.0,3.0,3.0,4.0,4.0,4.0,4.0,4.0,4.0,4.0,4.0,4.0,3.0,3.0,3.0,4.0,4.0,4.0,1.0,3.0,3.0,3.0,3.0,4.0,3.0,0.0,1.0,49.0,3.0,3.0,2.0,3.0,2.0,3.0
83.0,1.0,3.0,3.0,3.0,2.0,2.0,2.0,3.0,3.0,4.0,4.0,4.0,4.0,4.0,4.0,4.0,4.0,4.0,3.0,3.0,3.0,4.0,4.0,1.0,3.0,3.0,3.0,4.0,4.0,4.0,0.0,1.0,35.0,4.0,4.0,4.0,5.0,4.0,5.0
84.0,1.0,5.0,5.0,4.0,3.0,4.0,4.0,2.0,3.0,3.0,4.0,4.0,5.0,5.0,4.0,5.0,5.0,5.0,4.0,2.0,2.0,2.0,1.0,3.0,3.0,4.0,3.0,5.0,5.0,5.0,0.0,2.0,49.0,5.0,5.0,5.0,5.0,5.0,5.0
85.0,2.0,3.0,3.0,3.0,3.0,5.0,5.0,3.0,3.0,3.0,3.0,3.0,3.0,5.0,5.0,5.0,5.0,5.0,5.0,5.0,5.0,5.0,4.0,5.0,3.0,4.0,3.0,5.0,5.0,5.0,1.0,1.0,60.0,4.0,3.0,3.0,4.0,5.0,3.0
86.0,1.0,3.0,1.0,2.0,3.0,3.0,3.0,3.0,2.0,2.0,2.0,2.0,2.0,3.0,3.0,3.0,3.0,3.0,3.0,3.0,3.0,3.0,3.0,3.0,3.0,3.0,2.0,3.0,3.0,3.0,0.0,1.0,22.0,4.0,3.0,3.0,3.0,4.0,4.0
87.0,1.0,3.0,5.0,3.0,4.0,3.0,3.0,4.0,4.0,3.0,3.0,4.0,4.0,4.0,2.0,3.0,4.0,3.0,4.0,4.0,4.0,4.0,5.0,1.0,2.0,1.0,1.0,4.0,3.0,3.0,0.0,1.0,53.0,3.0,3.0,4.0,3.0,4.0,3.0
88.0,1.0,3.0,3.0,4.0,3.0,4.0,1.0,2.0,4.0,2.0,4.0,5.0,5.0,5.0,3.0,4.0,4.0,3.0,5.0,5.0,3.0,4.0,5.0,2.0,3.0,4.0,4.0,4.0,4.0,3.0,0.0,2.0,53.0,5.0,5.0,5.0,4.0,4.0,4.0
89.0,2.0,3.0,1.0,3.0,3.0,3.0,4.0,4.0,4.0,1.0,1.0,2.0,2.0,4.0,4.0,4.0,4.0,3.0,4.0,4.0,4.0,4.0,4.0,4.0,4.0,4.0,4.0,4.0,3.0,4.0,1.0,1.0,47.0,4.0,4.0,3.0,3.0,4.0,4.0
90.0,1.0,4.0,4.0,4.0,3.0,2.0,2.0,2.0,2.0,4.0,5.0,4.0,4.0,3.0,4.0,3.0,4.0,3.0,3.0,4.0,3.0,3.0,3.0,1.0,3.0,2.0,1.0,4.0,4.0,4.0,0.0,2.0,26.0,4.0,5.0,4.0,5.0,5.0,5.0
91.0,1.0,4.0,3.0,4.0,3.0,4.0,4.0,4.0,3.0,3.0,3.0,2.0,3.0,4.0,3.0,3.0,4.0,2.0,3.0,4.0,4.0,4.0,4.0,4.0,4.0,4.0,4.0,3.0,3.0,4.0,1.0,2.0,27.0,4.0,3.0,4.0,3.0,3.0,3.0
92.0,1.0,2.0,3.0,2.0,3.0,3.0,3.0,3.0,3.0,2.0,3.0,2.0,4.0,2.0,2.0,2.0,2.0,2.0,4.0,3.0,3.0,3.0,3.0,2.0,3.0,3.0,3.0,2.0,2.0,2.0,0.0,1.0,49.0,3.0,3.0,2.0,3.0,3.0,3.0
93.0,1.0,5.0,3.0,5.0,4.0,4.0,4.0,4.0,4.0,3.0,3.0,3.0,4.0,3.0,4.0,4.0,4.0,3.0,5.0,5.0,4.0,4.0,3.0,3.0,4.0,3.0,3.0,3.0,3.0,3.0,0.0,2.0,23.0,3.0,3.0,3.0,3.0,4.0,3.0
94.0,2.0,4.0,5.0,4.0,3.0,3.0,5.0,5.0,4.0,3.0,3.0,3.0,3.0,3.0,4.0,4.0,4.0,4.0,5.0,4.0,4.0,4.0,4.0,3.0,3.0,1.0,3.0,4.0,3.0,3.0,1.0,1.0,43.0,2.0,1.0,1.0,1.0,3.0,2.0
95.0,1.0,2.0,3.0,3.0,4.0,4.0,4.0,4.0,4.0,3.0,3.0,3.0,3.0,3.0,4.0,4.0,4.0,4.0,4.0,4.0,4.0,4.0,4.0,3.0,3.0,3.0,3.0,3.0,4.0,4.0,0.0,2.0,65.0,4.0,4.0,5.0,5.0,4.0,4.0
96.0,2.0,5.0,3.0,4.0,4.0,5.0,5.0,4.0,4.0,3.0,3.0,4.0,4.0,4.0,3.0,3.0,3.0,3.0,4.0,5.0,4.0,4.0,3.0,3.0,4.0,4.0,3.0,4.0,3.0,4.0,0.0,1.0,49.0,3.0,4.0,3.0,3.0,5.0,4.0
97.0,1.0,3.0,3.0,3.0,5.0,4.0,4.0,3.0,3.0,2.0,2.0,2.0,3.0,3.0,2.0,3.0,4.0,2.0,4.0,5.0,5.0,5.0,5.0,3.0,3.0,3.0,3.0,2.0,2.0,3.0,0.0,1.0,40.0,2.0,2.0,3.0,3.0,3.0,2.0
98.0,3.0,5.0,5.0,5.0,5.0,5.0,5.0,3.0,3.0,3.0,3.0,3.0,4.0,3.0,3.0,3.0,3.0,3.0,4.0,4.0,4.0,4.0,5.0,3.0,3.0,4.0,4.0,3.0,3.0,3.0,0.0,2.0,69.0,3.0,3.0,3.0,2.0,3.0,2.0
99.0,1.0,3.0,3.0,4.0,4.0,4.0,4.0,4.0,3.0,3.0,3.0,3.0,4.0,4.0,3.0,4.0,4.0,4.0,4.0,4.0,4.0,4.0,4.0,3.0,4.0,4.0,4.0,4.0,3.0,4.0,1.0,1.0,56.0,5.0,5.0,5.0,5.0,5.0,4.0
100.0,2.0,2.0,2.0,2.0,5.0,3.0,3.0,3.0,2.0,3.0,3.0,3.0,3.0,4.0,3.0,3.0,3.0,3.0,3.0,3.0,3.0,3.0,3.0,3.0,4.0,3.0,3.0,3.0,3.0,4.0,0.0,2.0,20.0,3.0,4.0,4.0,2.0,3.0,4.0
101.0,3.0,2.0,3.0,3.0,3.0,3.0,3.0,3.0,3.0,2.0,2.0,2.0,3.0,2.0,2.0,3.0,3.0,4.0,4.0,4.0,3.0,3.0,3.0,3.0,3.0,3.0,2.0,2.0,2.0,2.0,0.0,2.0,63.0,1.0,1.0,2.0,1.0,1.0,2.0
102.0,2.0,3.0,2.0,3.0,4.0,4.0,4.0,4.0,4.0,3.0,3.0,3.0,3.0,3.0,3.0,3.0,3.0,3.0,3.0,3.0,3.0,3.0,4.0,3.0,3.0,3.0,3.0,3.0,3.0,3.0,0.0,2.0,21.0,2.0,3.0,3.0,3.0,3.0,2.0
103.0,2.0,4.0,2.0,3.0,4.0,4.0,4.0,2.0,3.0,3.0,3.0,3.0,4.0,4.0,3.0,3.0,4.0,3.0,4.0,4.0,4.0,4.0,4.0,3.0,3.0,3.0,3.0,3.0,3.0,3.0,1.0,2.0,54.0,4.0,3.0,4.0,4.0,3.0,3.0
104.0,3.0,5.0,4.0,3.0,2.0,3.0,2.0,3.0,4.0,3.0,4.0,2.0,4.0,4.0,3.0,4.0,4.0,3.0,4.0,4.0,4.0,2.0,2.0,1.0,3.0,3.0,3.0,2.0,2.0,2.0,0.0,2.0,29.0,1.0,1.0,1.0,2.0,1.0,1.0
105.0,2.0,3.0,4.0,5.0,4.0,4.0,4.0,4.0,3.0,3.0,4.0,4.0,4.0,5.0,4.0,5.0,4.0,4.0,4.0,5.0,4.0,5.0,5.0,4.0,4.0,3.0,4.0,2.0,3.0,4.0,1.0,2.0,41.0,2.0,2.0,3.0,4.0,3.0,3.0
106.0,3.0,2.0,2.0,3.0,3.0,3.0,3.0,3.0,3.0,3.0,2.0,3.0,3.0,4.0,4.0,4.0,4.0,4.0,5.0,5.0,5.0,5.0,5.0,5.0,4.0,4.0,5.0,3.0,4.0,4.0,1.0,2.0,42.0,3.0,4.0,3.0,4.0,4.0,3.0
107.0,2.0,5.0,5.0,5.0,5.0,5.0,5.0,5.0,5.0,5.0,5.0,5.0,5.0,5.0,5.0,5.0,5.0,5.0,5.0,5.0,5.0,5.0,5.0,5.0,5.0,5.0,5.0,5.0,5.0,5.0,1.0,2.0,45.0,3.0,3.0,2.0,4.0,2.0,2.0
108.0,1.0,4.0,4.0,5.0,5.0,5.0,5.0,5.0,5.0,5.0,5.0,5.0,5.0,5.0,5.0,5.0,5.0,5.0,5.0,5.0,5.0,5.0,5.0,5.0,5.0,5.0,5.0,5.0,5.0,5.0,1.0,2.0,39.0,5.0,5.0,5.0,5.0,5.0,5.0
109.0,2.0,4.0,5.0,5.0,5.0,3.0,5.0,5.0,5.0,3.0,3.0,3.0,5.0,5.0,3.0,3.0,5.0,5.0,5.0,5.0,5.0,5.0,5.0,3.0,5.0,5.0,5.0,3.0,3.0,3.0,1.0,1.0,61.0,2.0,3.0,2.0,2.0,1.0,3.0
110.0,1.0,4.0,5.0,5.0,3.0,3.0,3.0,3.0,3.0,5.0,5.0,5.0,5.0,4.0,5.0,4.0,4.0,4.0,2.0,1.0,1.0,1.0,1.0,3.0,5.0,5.0,5.0,3.0,5.0,2.0,1.0,1.0,68.0,4.0,4.0,4.0,3.0,4.0,3.0
111.0,3.0,4.0,3.0,4.0,4.0,3.0,3.0,4.0,2.0,4.0,4.0,4.0,4.0,4.0,4.0,4.0,4.0,4.0,4.0,4.0,4.0,4.0,4.0,2.0,3.0,3.0,3.0,3.0,2.0,2.0,0.0,2.0,48.0,2.0,1.0,2.0,2.0,1.0,1.0
112.0,3.0,5.0,4.0,5.0,3.0,3.0,3.0,3.0,3.0,2.0,2.0,2.0,4.0,3.0,4.0,3.0,3.0,3.0,4.0,2.0,2.0,3.0,3.0,1.0,2.0,3.0,2.0,3.0,3.0,2.0,0.0,2.0,31.0,3.0,3.0,2.0,2.0,2.0,3.0
113.0,1.0,3.0,5.0,4.0,5.0,5.0,5.0,5.0,5.0,3.0,3.0,3.0,4.0,5.0,5.0,5.0,5.0,5.0,5.0,5.0,5.0,5.0,5.0,3.0,4.0,4.0,4.0,3.0,3.0,3.0,0.0,1.0,60.0,4.0,4.0,3.0,3.0,4.0,3.0
114.0,1.0,4.0,5.0,5.0,5.0,4.0,3.0,5.0,5.0,4.0,4.0,5.0,4.0,3.0,4.0,5.0,4.0,5.0,5.0,5.0,5.0,4.0,5.0,3.0,4.0,4.0,4.0,4.0,4.0,4.0,1.0,2.0,22.0,5.0,5.0,5.0,4.0,5.0,4.0
115.0,3.0,1.0,3.0,2.0,2.0,4.0,3.0,3.0,5.0,1.0,1.0,2.0,2.0,3.0,1.0,2.0,4.0,3.0,4.0,5.0,4.0,4.0,4.0,1.0,3.0,3.0,4.0,3.0,2.0,3.0,0.0,1.0,36.0,2.0,3.0,2.0,3.0,3.0,3.0
116.0,3.0,5.0,3.0,5.0,3.0,3.0,3.0,3.0,2.0,2.0,2.0,3.0,3.0,3.0,3.0,3.0,2.0,2.0,2.0,4.0,4.0,4.0,4.0,2.0,3.0,2.0,2.0,2.0,2.0,2.0,0.0,2.0,33.0,2.0,1.0,2.0,2.0,2.0,1.0
117.0,2.0,2.0,4.0,4.0,2.0,3.0,3.0,3.0,4.0,2.0,2.0,3.0,3.0,3.0,3.0,3.0,3.0,2.0,4.0,5.0,5.0,4.0,3.0,3.0,4.0,3.0,3.0,3.0,4.0,3.0,1.0,2.0,58.0,1.0,2.0,2.0,3.0,3.0,3.0
118.0,2.0,2.0,3.0,3.0,3.0,3.0,3.0,5.0,3.0,5.0,5.0,3.0,3.0,5.0,5.0,5.0,5.0,5.0,5.0,5.0,5.0,5.0,5.0,3.0,3.0,3.0,3.0,3.0,3.0,3.0,0.0,1.0,67.0,3.0,1.0,1.0,2.0,2.0,2.0
119.0,2.0,4.0,5.0,4.0,2.0,2.0,3.0,2.0,2.0,1.0,1.0,1.0,2.0,2.0,2.0,1.0,1.0,1.0,1.0,2.0,3.0,1.0,1.0,2.0,1.0,1.0,1.0,2.0,2.0,2.0,0.0,2.0,60.0,2.0,2.0,3.0,4.0,4.0,3.0
120.0,2.0,5.0,4.0,4.0,3.0,4.0,3.0,4.0,4.0,2.0,2.0,1.0,2.0,3.0,4.0,2.0,2.0,2.0,3.0,3.0,4.0,4.0,4.0,2.0,2.0,1.0,2.0,2.0,2.0,1.0,0.0,1.0,37.0,2.0,2.0,3.0,2.0,1.0,1.0
121.0,1.0,5.0,5.0,5.0,1.0,1.0,1.0,1.0,1.0,3.0,2.0,2.0,1.0,1.0,1.0,3.0,2.0,2.0,1.0,2.0,3.0,4.0,5.0,3.0,1.0,1.0,1.0,3.0,3.0,3.0,1.0,2.0,49.0,4.0,3.0,3.0,4.0,3.0,3.0
122.0,1.0,5.0,5.0,3.0,3.0,4.0,4.0,3.0,4.0,2.0,2.0,2.0,3.0,3.0,3.0,2.0,2.0,2.0,4.0,4.0,4.0,3.0,4.0,2.0,2.0,3.0,2.0,2.0,2.0,3.0,0.0,2.0,59.0,2.0,3.0,3.0,2.0,2.0,3.0
123.0,1.0,5.0,4.0,5.0,3.0,3.0,4.0,4.0,5.0,2.0,2.0,3.0,2.0,3.0,3.0,3.0,3.0,4.0,4.0,4.0,4.0,4.0,4.0,2.0,2.0,2.0,3.0,2.0,2.0,3.0,0.0,1.0,35.0,2.0,2.0,2.0,2.0,2.0,3.0
124.0,3.0,5.0,5.0,5.0,3.0,3.0,3.0,3.0,3.0,2.0,2.0,2.0,2.0,2.0,2.0,2.0,2.0,2.0,2.0,2.0,2.0,1.0,1.0,2.0,1.0,1.0,1.0,2.0,2.0,2.0,0.0,1.0,48.0,1.0,1.0,1.0,1.0,1.0,2.0
125.0,1.0,5.0,4.0,4.0,3.0,3.0,4.0,4.0,3.0,2.0,2.0,3.0,2.0,3.0,3.0,4.0,4.0,4.0,4.0,4.0,4.0,5.0,4.0,2.0,2.0,2.0,2.0,2.0,2.0,1.0,0.0,2.0,60.0,2.0,3.0,3.0,2.0,3.0,2.0
126.0,3.0,5.0,5.0,5.0,2.0,2.0,1.0,1.0,3.0,1.0,2.0,2.0,2.0,2.0,2.0,1.0,1.0,1.0,1.0,1.0,1.0,2.0,4.0,1.0,2.0,2.0,1.0,2.0,1.0,1.0,0.0,1.0,61.0,1.0,1.0,1.0,1.0,1.0,1.0
127.0,2.0,3.0,2.0,2.0,1.0,2.0,3.0,4.0,5.0,3.0,2.0,2.0,4.0,4.0,2.0,2.0,2.0,3.0,3.0,2.0,1.0,1.0,3.0,1.0,1.0,1.0,1.0,2.0,2.0,1.0,0.0,2.0,33.0,1.0,2.0,1.0,1.0,1.0,2.0
128.0,3.0,4.0,4.0,4.0,3.0,3.0,4.0,4.0,3.0,3.0,3.0,3.0,3.0,1.0,2.0,2.0,2.0,2.0,4.0,4.0,5.0,4.0,5.0,3.0,3.0,2.0,3.0,2.0,3.0,2.0,0.0,2.0,34.0,1.0,2.0,2.0,2.0,2.0,1.0
129.0,1.0,4.0,5.0,4.0,3.0,3.0,3.0,3.0,4.0,2.0,2.0,3.0,3.0,4.0,4.0,3.0,2.0,3.0,4.0,5.0,5.0,4.0,5.0,3.0,2.0,2.0,3.0,3.0,2.0,3.0,0.0,2.0,60.0,3.0,3.0,3.0,3.0,4.0,3.0
130.0,3.0,5.0,5.0,5.0,2.0,2.0,3.0,2.0,3.0,4.0,3.0,2.0,1.0,1.0,2.0,3.0,2.0,1.0,1.0,2.0,3.0,4.0,5.0,2.0,2.0,2.0,2.0,2.0,2.0,2.0,0.0,2.0,30.0,1.0,1.0,1.0,2.0,2.0,1.0
131.0,3.0,5.0,5.0,5.0,4.0,4.0,4.0,3.0,4.0,2.0,2.0,1.0,2.0,2.0,1.0,2.0,2.0,2.0,4.0,4.0,5.0,5.0,5.0,2.0,2.0,2.0,2.0,2.0,2.0,1.0,0.0,1.0,35.0,1.0,1.0,1.0,2.0,1.0,2.0
132.0,2.0,3.0,4.0,3.0,2.0,3.0,2.0,2.0,2.0,2.0,2.0,2.0,3.0,3.0,2.0,1.0,3.0,3.0,2.0,3.0,2.0,3.0,3.0,2.0,2.0,3.0,4.0,4.0,4.0,3.0,1.0,1.0,52.0,2.0,3.0,1.0,3.0,2.0,2.0
133.0,1.0,3.0,3.0,4.0,3.0,4.0,4.0,3.0,4.0,4.0,3.0,3.0,4.0,4.0,4.0,2.0,2.0,3.0,4.0,4.0,5.0,5.0,5.0,2.0,2.0,3.0,2.0,3.0,3.0,2.0,0.0,1.0,68.0,3.0,3.0,4.0,3.0,3.0,3.0
134.0,1.0,4.0,3.0,4.0,3.0,3.0,3.0,3.0,4.0,4.0,3.0,3.0,3.0,4.0,4.0,2.0,2.0,3.0,3.0,4.0,4.0,4.0,4.0,3.0,2.0,3.0,3.0,3.0,3.0,4.0,1.0,1.0,29.0,4.0,3.0,4.0,3.0,4.0,4.0
135.0,1.0,5.0,4.0,5.0,2.0,3.0,2.0,3.0,3.0,4.0,4.0,4.0,4.0,4.0,4.0,4.0,4.0,4.0,4.0,4.0,4.0,4.0,4.0,4.0,3.0,4.0,3.0,4.0,4.0,3.0,1.0,2.0,57.0,4.0,5.0,5.0,5.0,5.0,5.0
136.0,1.0,5.0,3.0,5.0,3.0,3.0,3.0,2.0,3.0,2.0,2.0,3.0,2.0,4.0,4.0,2.0,2.0,3.0,2.0,4.0,4.0,4.0,4.0,2.0,2.0,3.0,3.0,2.0,2.0,2.0,0.0,1.0,64.0,3.0,3.0,3.0,2.0,3.0,2.0
137.0,3.0,5.0,5.0,4.0,2.0,3.0,2.0,2.0,2.0,1.0,2.0,1.0,1.0,1.0,1.0,1.0,2.0,3.0,1.0,2.0,2.0,2.0,1.0,1.0,2.0,2.0,1.0,1.0,2.0,1.0,0.0,1.0,37.0,1.0,1.0,1.0,1.0,1.0,1.0
138.0,2.0,5.0,4.0,4.0,3.0,3.0,4.0,3.0,4.0,1.0,1.0,2.0,2.0,2.0,2.0,1.0,2.0,1.0,4.0,4.0,5.0,4.0,5.0,2.0,2.0,2.0,2.0,2.0,2.0,1.0,0.0,1.0,38.0,5.0,5.0,3.0,5.0,3.0,5.0
139.0,2.0,4.0,4.0,5.0,2.0,3.0,3.0,3.0,3.0,1.0,1.0,2.0,1.0,2.0,2.0,1.0,2.0,1.0,1.0,1.0,1.0,1.0,1.0,2.0,1.0,2.0,2.0,1.0,2.0,1.0,0.0,2.0,68.0,3.0,1.0,3.0,2.0,2.0,1.0
140.0,1.0,4.0,5.0,5.0,3.0,3.0,4.0,3.0,4.0,2.0,2.0,2.0,3.0,2.0,4.0,2.0,2.0,3.0,5.0,5.0,5.0,5.0,5.0,3.0,2.0,2.0,3.0,3.0,3.0,2.0,0.0,2.0,40.0,4.0,4.0,3.0,3.0,4.0,3.0
141.0,2.0,3.0,3.0,3.0,4.0,4.0,4.0,4.0,4.0,4.0,4.0,4.0,5.0,4.0,5.0,4.0,4.0,4.0,4.0,5.0,5.0,5.0,5.0,1.0,2.0,1.0,2.0,1.0,1.0,1.0,0.0,1.0,45.0,1.0,3.0,3.0,1.0,2.0,1.0
142.0,3.0,5.0,5.0,4.0,3.0,3.0,3.0,3.0,3.0,2.0,1.0,1.0,1.0,2.0,4.0,2.0,2.0,3.0,1.0,1.0,3.0,4.0,3.0,1.0,2.0,1.0,2.0,1.0,2.0,2.0,0.0,1.0,60.0,1.0,2.0,2.0,1.0,2.0,2.0
143.0,2.0,5.0,5.0,5.0,3.0,3.0,4.0,3.0,4.0,2.0,2.0,1.0,4.0,4.0,1.0,2.0,2.0,2.0,4.0,4.0,5.0,4.0,4.0,2.0,2.0,2.0,2.0,2.0,2.0,1.0,0.0,1.0,54.0,2.0,1.0,3.0,2.0,3.0,2.0
144.0,1.0,5.0,5.0,3.0,4.0,3.0,2.0,3.0,4.0,4.0,4.0,4.0,4.0,4.0,4.0,3.0,4.0,3.0,4.0,4.0,4.0,4.0,4.0,2.0,1.0,1.0,1.0,2.0,2.0,1.0,0.0,2.0,20.0,3.0,2.0,2.0,2.0,2.0,3.0
145.0,1.0,1.0,3.0,3.0,4.0,4.0,4.0,3.0,3.0,2.0,2.0,1.0,1.0,2.0,3.0,2.0,3.0,3.0,3.0,4.0,4.0,4.0,4.0,3.0,3.0,2.0,3.0,3.0,3.0,2.0,0.0,1.0,33.0,3.0,4.0,4.0,4.0,3.0,3.0
146.0,2.0,3.0,2.0,3.0,1.0,2.0,2.0,3.0,3.0,3.0,3.0,2.0,2.0,2.0,1.0,3.0,4.0,4.0,3.0,3.0,3.0,3.0,4.0,4.0,2.0,2.0,3.0,1.0,3.0,2.0,0.0,2.0,51.0,1.0,2.0,1.0,1.0,1.0,2.0
147.0,1.0,2.0,4.0,2.0,3.0,3.0,2.0,3.0,3.0,3.0,3.0,3.0,2.0,3.0,4.0,2.0,2.0,3.0,4.0,4.0,4.0,5.0,5.0,2.0,2.0,3.0,3.0,2.0,2.0,3.0,0.0,2.0,58.0,3.0,2.0,2.0,3.0,2.0,2.0
148.0,2.0,3.0,3.0,3.0,3.0,3.0,3.0,3.0,3.0,2.0,4.0,2.0,4.0,2.0,2.0,3.0,2.0,2.0,4.0,4.0,2.0,2.0,2.0,1.0,1.0,3.0,5.0,4.0,4.0,3.0,1.0,1.0,67.0,4.0,3.0,4.0,3.0,4.0,3.0
149.0,3.0,2.0,2.0,1.0,2.0,2.0,2.0,2.0,2.0,3.0,3.0,3.0,3.0,3.0,3.0,3.0,2.0,3.0,4.0,4.0,3.0,3.0,4.0,2.0,1.0,1.0,1.0,2.0,2.0,2.0,0.0,1.0,35.0,1.0,2.0,2.0,1.0,2.0,2.0
150.0,2.0,3.0,5.0,5.0,2.0,3.0,3.0,3.0,4.0,2.0,2.0,2.0,3.0,2.0,2.0,2.0,2.0,2.0,3.0,3.0,4.0,4.0,4.0,2.0,2.0,3.0,3.0,2.0,2.0,1.0,0.0,1.0,41.0,4.0,3.0,3.0,4.0,2.0,2.0
151.0,1.0,5.0,4.0,4.0,3.0,3.0,4.0,4.0,3.0,2.0,2.0,2.0,4.0,3.0,2.0,4.0,3.0,3.0,4.0,4.0,4.0,3.0,4.0,2.0,2.0,2.0,2.0,2.0,2.0,1.0,0.0,2.0,44.0,2.0,3.0,2.0,3.0,3.0,3.0
152.0,2.0,3.0,3.0,5.0,3.0,3.0,3.0,3.0,4.0,3.0,3.0,3.0,4.0,4.0,4.0,3.0,4.0,4.0,4.0,4.0,4.0,4.0,4.0,3.0,3.0,2.0,2.0,3.0,3.0,3.0,0.0,2.0,68.0,2.0,3.0,3.0,2.0,1.0,2.0
153.0,2.0,5.0,5.0,5.0,4.0,4.0,4.0,3.0,3.0,2.0,2.0,1.0,4.0,4.0,2.0,2.0,2.0,2.0,4.0,4.0,5.0,4.0,5.0,1.0,2.0,2.0,3.0,2.0,2.0,2.0,0.0,2.0,52.0,4.0,5.0,3.0,4.0,5.0,5.0
154.0,3.0,3.0,3.0,5.0,3.0,3.0,4.0,4.0,4.0,2.0,2.0,2.0,4.0,4.0,1.0,3.0,3.0,3.0,4.0,4.0,5.0,5.0,5.0,2.0,2.0,2.0,3.0,3.0,3.0,2.0,0.0,1.0,44.0,2.0,2.0,3.0,2.0,3.0,3.0
155.0,2.0,5.0,5.0,5.0,3.0,4.0,4.0,3.0,5.0,1.0,1.0,2.0,2.0,3.0,1.0,3.0,3.0,3.0,4.0,4.0,5.0,4.0,4.0,1.0,2.0,3.0,3.0,3.0,2.0,2.0,0.0,1.0,65.0,2.0,1.0,2.0,1.0,3.0,1.0
156.0,2.0,5.0,5.0,5.0,3.0,3.0,3.0,3.0,4.0,2.0,2.0,2.0,2.0,3.0,1.0,1.0,3.0,3.0,4.0,4.0,4.0,5.0,5.0,1.0,2.0,2.0,3.0,1.0,1.0,1.0,0.0,2.0,21.0,1.0,2.0,1.0,1.0,2.0,2.0
157.0,1.0,5.0,4.0,3.0,3.0,3.0,3.0,3.0,3.0,3.0,3.0,3.0,3.0,3.0,3.0,3.0,3.0,3.0,3.0,3.0,3.0,3.0,3.0,2.0,3.0,3.0,3.0,2.0,3.0,3.0,0.0,1.0,38.0,3.0,3.0,3.0,3.0,3.0,4.0
158.0,2.0,5.0,5.0,4.0,5.0,5.0,5.0,5.0,5.0,1.0,1.0,1.0,4.0,4.0,4.0,3.0,4.0,4.0,4.0,5.0,5.0,5.0,5.0,2.0,2.0,2.0,3.0,2.0,4.0,4.0,1.0,1.0,35.0,5.0,4.0,5.0,3.0,4.0,3.0
159.0,1.0,2.0,1.0,3.0,4.0,3.0,3.0,3.0,3.0,2.0,2.0,2.0,2.0,2.0,3.0,3.0,3.0,3.0,4.0,4.0,4.0,4.0,4.0,2.0,3.0,3.0,3.0,2.0,3.0,2.0,0.0,1.0,68.0,3.0,2.0,2.0,3.0,2.0,3.0
160.0,2.0,1.0,2.0,1.0,3.0,4.0,4.0,4.0,2.0,4.0,2.0,5.0,5.0,5.0,3.0,2.0,4.0,4.0,4.0,2.0,3.0,5.0,5.0,2.0,2.0,2.0,2.0,3.0,3.0,3.0,0.0,2.0,66.0,2.0,4.0,3.0,4.0,3.0,3.0
161.0,2.0,3.0,4.0,3.0,5.0,5.0,5.0,5.0,4.0,5.0,5.0,3.0,2.0,4.0,3.0,4.0,4.0,3.0,4.0,4.0,3.0,3.0,5.0,3.0,3.0,2.0,3.0,4.0,3.0,3.0,1.0,1.0,45.0,4.0,3.0,4.0,3.0,3.0,2.0
162.0,2.0,3.0,4.0,2.0,3.0,3.0,3.0,2.0,3.0,3.0,4.0,2.0,3.0,2.0,2.0,2.0,3.0,3.0,2.0,3.0,3.0,3.0,3.0,1.0,1.0,1.0,1.0,1.0,3.0,3.0,0.0,1.0,69.0,4.0,3.0,2.0,2.0,3.0,2.0
163.0,1.0,2.0,2.0,2.0,4.0,4.0,4.0,4.0,4.0,2.0,2.0,2.0,4.0,4.0,3.0,4.0,3.0,4.0,4.0,5.0,5.0,5.0,5.0,3.0,3.0,2.0,3.0,3.0,4.0,4.0,1.0,2.0,52.0,5.0,4.0,5.0,4.0,4.0,5.0
164.0,2.0,3.0,3.0,3.0,3.0,3.0,3.0,4.0,4.0,4.0,4.0,4.0,3.0,4.0,3.0,4.0,4.0,3.0,4.0,4.0,4.0,3.0,5.0,3.0,3.0,2.0,3.0,3.0,3.0,3.0,0.0,1.0,57.0,2.0,3.0,2.0,3.0,2.0,3.0
165.0,2.0,5.0,5.0,4.0,3.0,3.0,3.0,3.0,3.0,1.0,1.0,1.0,3.0,3.0,4.0,5.0,3.0,3.0,4.0,2.0,3.0,3.0,3.0,1.0,1.0,1.0,1.0,1.0,3.0,3.0,0.0,2.0,55.0,1.0,3.0,1.0,3.0,2.0,2.0
166.0,1.0,5.0,5.0,3.0,3.0,3.0,3.0,3.0,3.0,3.0,3.0,3.0,3.0,3.0,3.0,3.0,3.0,3.0,3.0,3.0,3.0,3.0,3.0,2.0,2.0,2.0,2.0,2.0,2.0,2.0,0.0,1.0,65.0,2.0,2.0,3.0,2.0,3.0,2.0
167.0,1.0,3.0,3.0,4.0,3.0,3.0,3.0,3.0,3.0,3.0,3.0,3.0,3.0,3.0,3.0,3.0,3.0,3.0,3.0,3.0,3.0,3.0,3.0,2.0,3.0,4.0,4.0,2.0,2.0,2.0,0.0,2.0,59.0,2.0,3.0,3.0,3.0,3.0,2.0
168.0,1.0,5.0,5.0,5.0,4.0,3.0,3.0,3.0,4.0,4.0,4.0,4.0,4.0,4.0,3.0,4.0,4.0,4.0,5.0,5.0,5.0,5.0,5.0,3.0,4.0,4.0,4.0,3.0,4.0,4.0,1.0,2.0,69.0,4.0,4.0,5.0,4.0,5.0,5.0
169.0,1.0,5.0,5.0,4.0,3.0,3.0,2.0,2.0,2.0,3.0,3.0,3.0,3.0,3.0,1.0,2.0,2.0,2.0,3.0,3.0,2.0,2.0,2.0,2.0,3.0,3.0,3.0,3.0,2.0,2.0,0.0,2.0,22.0,2.0,3.0,3.0,2.0,3.0,3.0
170.0,1.0,3.0,3.0,5.0,4.0,4.0,4.0,3.0,5.0,2.0,3.0,3.0,2.0,4.0,5.0,5.0,5.0,5.0,5.0,4.0,4.0,3.0,4.0,3.0,3.0,2.0,2.0,3.0,4.0,3.0,1.0,1.0,63.0,4.0,4.0,3.0,3.0,3.0,4.0
171.0,1.0,5.0,3.0,3.0,3.0,4.0,3.0,3.0,4.0,3.0,4.0,3.0,4.0,4.0,3.0,3.0,4.0,3.0,4.0,4.0,4.0,4.0,4.0,4.0,4.0,3.0,4.0,3.0,4.0,3.0,1.0,2.0,27.0,3.0,3.0,4.0,4.0,4.0,3.0
172.0,1.0,3.0,2.0,1.0,3.0,3.0,3.0,2.0,2.0,2.0,1.0,1.0,2.0,3.0,3.0,4.0,4.0,5.0,5.0,4.0,5.0,4.0,5.0,4.0,3.0,2.0,2.0,3.0,4.0,3.0,1.0,2.0,49.0,4.0,4.0,4.0,4.0,3.0,3.0
173.0,1.0,4.0,4.0,2.0,2.0,4.0,4.0,2.0,3.0,3.0,2.0,3.0,4.0,3.0,2.0,3.0,4.0,3.0,4.0,4.0,5.0,5.0,5.0,4.0,4.0,4.0,4.0,4.0,4.0,3.0,1.0,1.0,38.0,5.0,4.0,4.0,5.0,5.0,5.0
174.0,3.0,3.0,4.0,4.0,3.0,5.0,5.0,4.0,4.0,3.0,3.0,4.0,5.0,5.0,3.0,4.0,4.0,4.0,4.0,4.0,4.0,4.0,4.0,3.0,3.0,3.0,3.0,2.0,3.0,3.0,0.0,2.0,47.0,3.0,2.0,3.0,3.0,2.0,2.0
175.0,2.0,4.0,2.0,3.0,3.0,3.0,2.0,3.0,4.0,2.0,2.0,2.0,4.0,4.0,3.0,3.0,3.0,4.0,4.0,4.0,4.0,4.0,3.0,2.0,3.0,3.0,4.0,2.0,2.0,3.0,0.0,1.0,55.0,3.0,3.0,2.0,2.0,4.0,4.0
176.0,2.0,4.0,2.0,3.0,4.0,4.0,4.0,3.0,3.0,3.0,3.0,3.0,3.0,4.0,4.0,4.0,4.0,4.0,5.0,5.0,5.0,5.0,5.0,3.0,4.0,4.0,4.0,3.0,3.0,3.0,1.0,1.0,50.0,3.0,3.0,5.0,3.0,4.0,4.0
177.0,3.0,5.0,4.0,3.0,4.0,4.0,4.0,3.0,3.0,3.0,2.0,4.0,4.0,3.0,3.0,2.0,3.0,3.0,5.0,4.0,4.0,4.0,4.0,2.0,4.0,3.0,4.0,2.0,3.0,2.0,0.0,1.0,57.0,2.0,1.0,1.0,2.0,2.0,2.0
178.0,2.0,3.0,3.0,3.0,2.0,3.0,3.0,3.0,3.0,2.0,1.0,3.0,3.0,3.0,2.0,2.0,3.0,3.0,4.0,4.0,4.0,4.0,4.0,1.0,3.0,3.0,3.0,1.0,2.0,1.0,0.0,1.0,40.0,4.0,5.0,4.0,4.0,4.0,5.0
179.0,1.0,2.0,4.0,3.0,2.0,3.0,3.0,3.0,3.0,2.0,2.0,3.0,3.0,3.0,2.0,3.0,3.0,2.0,3.0,3.0,3.0,3.0,3.0,3.0,4.0,3.0,3.0,4.0,3.0,3.0,1.0,1.0,58.0,4.0,3.0,3.0,3.0,4.0,4.0
180.0,2.0,5.0,5.0,5.0,2.0,4.0,4.0,4.0,4.0,3.0,3.0,3.0,5.0,3.0,2.0,3.0,3.0,2.0,4.0,5.0,5.0,4.0,4.0,3.0,4.0,4.0,4.0,3.0,2.0,4.0,0.0,1.0,61.0,1.0,3.0,3.0,2.0,3.0,3.0
181.0,1.0,3.0,3.0,3.0,3.0,3.0,3.0,2.0,3.0,2.0,2.0,3.0,3.0,3.0,3.0,3.0,3.0,3.0,4.0,4.0,4.0,4.0,4.0,3.0,4.0,4.0,4.0,3.0,3.0,3.0,1.0,1.0,32.0,3.0,4.0,3.0,3.0,4.0,4.0
182.0,2.0,5.0,5.0,5.0,5.0,3.0,4.0,5.0,5.0,4.0,4.0,5.0,4.0,5.0,5.0,5.0,5.0,5.0,5.0,5.0,5.0,5.0,5.0,4.0,4.0,4.0,4.0,5.0,4.0,4.0,1.0,1.0,60.0,3.0,4.0,2.0,2.0,4.0,2.0
183.0,1.0,4.0,2.0,2.0,5.0,5.0,5.0,5.0,5.0,3.0,2.0,3.0,3.0,4.0,2.0,4.0,4.0,3.0,3.0,4.0,4.0,3.0,4.0,2.0,3.0,3.0,3.0,2.0,2.0,2.0,0.0,1.0,45.0,3.0,3.0,3.0,3.0,2.0,3.0
184.0,3.0,3.0,3.0,4.0,4.0,4.0,5.0,5.0,5.0,3.0,2.0,2.0,4.0,5.0,1.0,1.0,3.0,1.0,5.0,5.0,5.0,5.0,3.0,1.0,5.0,5.0,5.0,1.0,1.0,1.0,0.0,1.0,67.0,1.0,1.0,1.0,1.0,1.0,1.0
185.0,1.0,4.0,5.0,5.0,3.0,2.0,4.0,3.0,2.0,2.0,1.0,3.0,4.0,3.0,4.0,2.0,3.0,2.0,2.0,3.0,2.0,2.0,2.0,4.0,1.0,2.0,3.0,2.0,5.0,3.0,1.0,1.0,26.0,3.0,4.0,3.0,3.0,3.0,3.0
186.0,1.0,5.0,5.0,5.0,4.0,4.0,5.0,4.0,5.0,4.0,3.0,3.0,4.0,4.0,3.0,4.0,4.0,5.0,4.0,3.0,4.0,4.0,4.0,4.0,5.0,5.0,4.0,4.0,4.0,4.0,1.0,1.0,25.0,5.0,4.0,5.0,5.0,5.0,5.0
187.0,1.0,5.0,4.0,4.0,4.0,5.0,5.0,5.0,4.0,4.0,4.0,4.0,4.0,5.0,4.0,5.0,5.0,4.0,5.0,5.0,5.0,5.0,5.0,5.0,5.0,5.0,5.0,5.0,5.0,5.0,1.0,1.0,63.0,5.0,5.0,5.0,5.0,5.0,5.0
188.0,1.0,4.0,5.0,5.0,4.0,3.0,4.0,4.0,4.0,5.0,5.0,5.0,5.0,4.0,2.0,2.0,2.0,2.0,4.0,5.0,4.0,4.0,4.0,3.0,3.0,3.0,3.0,4.0,3.0,4.0,1.0,1.0,25.0,5.0,4.0,4.0,5.0,4.0,4.0
189.0,2.0,4.0,4.0,4.0,3.0,4.0,4.0,4.0,3.0,5.0,5.0,4.0,4.0,4.0,4.0,4.0,4.0,4.0,4.0,5.0,5.0,4.0,3.0,4.0,4.0,4.0,4.0,4.0,4.0,4.0,1.0,1.0,57.0,4.0,3.0,4.0,3.0,4.0,3.0
190.0,1.0,2.0,3.0,3.0,4.0,4.0,3.0,4.0,4.0,3.0,2.0,2.0,2.0,2.0,2.0,2.0,3.0,2.0,4.0,4.0,5.0,3.0,4.0,3.0,3.0,3.0,3.0,3.0,2.0,2.0,0.0,1.0,57.0,2.0,3.0,3.0,3.0,2.0,2.0
191.0,2.0,4.0,5.0,4.0,2.0,3.0,3.0,3.0,3.0,3.0,4.0,3.0,3.0,3.0,2.0,3.0,3.0,3.0,4.0,4.0,4.0,4.0,4.0,4.0,4.0,4.0,4.0,4.0,3.0,3.0,1.0,1.0,65.0,3.0,4.0,4.0,4.0,2.0,3.0
192.0,1.0,4.0,2.0,2.0,3.0,3.0,3.0,3.0,3.0,3.0,2.0,3.0,3.0,3.0,3.0,3.0,3.0,3.0,4.0,3.0,3.0,3.0,3.0,3.0,3.0,3.0,3.0,3.0,3.0,3.0,1.0,1.0,46.0,3.0,4.0,3.0,3.0,4.0,3.0
193.0,1.0,3.0,3.0,4.0,3.0,3.0,3.0,3.0,3.0,3.0,3.0,3.0,3.0,3.0,3.0,3.0,3.0,3.0,3.0,3.0,3.0,3.0,3.0,3.0,3.0,3.0,3.0,3.0,3.0,3.0,1.0,2.0,20.0,3.0,3.0,3.0,4.0,4.0,4.0
194.0,1.0,3.0,2.0,3.0,2.0,3.0,3.0,3.0,3.0,3.0,3.0,3.0,3.0,3.0,3.0,3.0,3.0,3.0,4.0,4.0,4.0,3.0,3.0,2.0,3.0,4.0,4.0,2.0,2.0,2.0,0.0,2.0,53.0,3.0,3.0,2.0,2.0,3.0,2.0
195.0,2.0,2.0,2.0,2.0,3.0,3.0,3.0,3.0,3.0,3.0,3.0,3.0,2.0,3.0,3.0,3.0,3.0,3.0,4.0,3.0,3.0,3.0,3.0,3.0,3.0,3.0,3.0,3.0,3.0,3.0,0.0,2.0,35.0,3.0,1.0,3.0,3.0,2.0,2.0
196.0,1.0,4.0,4.0,3.0,3.0,3.0,3.0,3.0,3.0,3.0,3.0,3.0,3.0,3.0,3.0,3.0,3.0,3.0,3.0,3.0,3.0,3.0,3.0,3.0,3.0,3.0,3.0,3.0,3.0,3.0,0.0,2.0,31.0,3.0,4.0,3.0,4.0,4.0,3.0
197.0,1.0,4.0,4.0,5.0,3.0,3.0,4.0,3.0,4.0,2.0,2.0,2.0,2.0,2.0,2.0,3.0,3.0,3.0,3.0,3.0,3.0,3.0,3.0,2.0,2.0,2.0,2.0,2.0,2.0,2.0,0.0,2.0,63.0,2.0,3.0,3.0,2.0,2.0,2.0
198.0,2.0,3.0,4.0,2.0,4.0,3.0,3.0,4.0,3.0,3.0,3.0,3.0,3.0,3.0,3.0,3.0,3.0,3.0,3.0,3.0,3.0,3.0,3.0,2.0,2.0,2.0,2.0,3.0,2.0,2.0,0.0,2.0,53.0,1.0,2.0,2.0,2.0,1.0,2.0
199.0,1.0,5.0,5.0,4.0,4.0,3.0,4.0,4.0,4.0,1.0,1.0,3.0,3.0,4.0,2.0,3.0,5.0,4.0,5.0,5.0,5.0,5.0,5.0,2.0,1.0,3.0,1.0,3.0,4.0,3.0,1.0,2.0,28.0,3.0,4.0,3.0,4.0,3.0,4.0
200.0,3.0,4.0,2.0,2.0,2.0,1.0,3.0,3.0,3.0,1.0,1.0,2.0,3.0,3.0,4.0,3.0,3.0,2.0,4.0,4.0,4.0,3.0,2.0,2.0,4.0,5.0,5.0,2.0,3.0,4.0,0.0,2.0,24.0,2.0,2.0,2.0,2.0,2.0,3.0
201.0,1.0,4.0,5.0,3.0,2.0,1.0,3.0,3.0,2.0,2.0,1.0,3.0,4.0,3.0,2.0,3.0,4.0,3.0,5.0,5.0,5.0,5.0,5.0,3.0,5.0,5.0,5.0,3.0,3.0,3.0,1.0,2.0,24.0,4.0,3.0,3.0,3.0,4.0,3.0
202.0,3.0,2.0,4.0,2.0,2.0,2.0,2.0,3.0,1.0,4.0,4.0,2.0,3.0,3.0,3.0,2.0,2.0,4.0,2.0,3.0,3.0,3.0,3.0,4.0,3.0,2.0,2.0,4.0,4.0,4.0,1.0,2.0,49.0,4.0,4.0,4.0,3.0,4.0,3.0
203.0,2.0,3.0,2.0,2.0,4.0,4.0,4.0,4.0,4.0,3.0,3.0,3.0,3.0,3.0,3.0,3.0,4.0,3.0,4.0,4.0,4.0,3.0,3.0,3.0,3.0,3.0,3.0,3.0,3.0,3.0,1.0,2.0,50.0,3.0,3.0,2.0,3.0,4.0,4.0
204.0,1.0,5.0,5.0,3.0,3.0,3.0,3.0,3.0,4.0,3.0,3.0,5.0,3.0,5.0,5.0,5.0,3.0,4.0,4.0,5.0,5.0,4.0,5.0,3.0,4.0,4.0,4.0,2.0,3.0,3.0,0.0,2.0,31.0,3.0,4.0,3.0,3.0,4.0,3.0
205.0,3.0,2.0,3.0,3.0,3.0,3.0,3.0,3.0,3.0,3.0,3.0,3.0,2.0,3.0,3.0,3.0,3.0,3.0,4.0,4.0,3.0,3.0,2.0,2.0,3.0,3.0,3.0,2.0,2.0,3.0,0.0,2.0,49.0,1.0,1.0,2.0,2.0,1.0,2.0
206.0,1.0,5.0,5.0,5.0,3.0,4.0,3.0,3.0,2.0,4.0,4.0,4.0,3.0,4.0,4.0,3.0,3.0,4.0,4.0,4.0,5.0,5.0,5.0,4.0,5.0,5.0,5.0,3.0,2.0,3.0,1.0,2.0,63.0,4.0,3.0,3.0,3.0,4.0,3.0
207.0,2.0,4.0,3.0,4.0,3.0,3.0,2.0,2.0,3.0,2.0,2.0,3.0,3.0,2.0,3.0,2.0,3.0,3.0,4.0,4.0,5.0,5.0,5.0,3.0,5.0,5.0,5.0,3.0,2.0,3.0,0.0,1.0,43.0,4.0,3.0,4.0,4.0,3.0,3.0
208.0,2.0,4.0,2.0,4.0,3.0,2.0,3.0,3.0,4.0,2.0,3.0,2.0,3.0,3.0,2.0,2.0,3.0,2.0,4.0,5.0,4.0,4.0,5.0,3.0,4.0,4.0,3.0,2.0,2.0,2.0,0.0,1.0,25.0,3.0,3.0,2.0,3.0,4.0,3.0
209.0,1.0,2.0,3.0,4.0,3.0,3.0,3.0,3.0,3.0,2.0,3.0,3.0,3.0,3.0,3.0,2.0,2.0,3.0,3.0,3.0,3.0,3.0,3.0,4.0,4.0,4.0,4.0,4.0,4.0,4.0,1.0,1.0,55.0,4.0,5.0,5.0,4.0,4.0,5.0
210.0,1.0,3.0,3.0,5.0,4.0,2.0,3.0,3.0,4.0,4.0,3.0,3.0,3.0,4.0,3.0,3.0,3.0,2.0,4.0,4.0,4.0,4.0,4.0,2.0,3.0,3.0,3.0,2.0,2.0,3.0,0.0,2.0,44.0,3.0,3.0,3.0,3.0,2.0,3.0
211.0,1.0,3.0,5.0,3.0,3.0,3.0,3.0,3.0,3.0,4.0,4.0,3.0,3.0,3.0,3.0,3.0,3.0,3.0,2.0,2.0,2.0,3.0,3.0,4.0,3.0,3.0,3.0,3.0,4.0,4.0,1.0,2.0,32.0,5.0,5.0,5.0,4.0,5.0,4.0
212.0,2.0,3.0,4.0,5.0,3.0,3.0,3.0,3.0,4.0,4.0,3.0,4.0,3.0,4.0,3.0,4.0,4.0,3.0,5.0,5.0,5.0,4.0,5.0,2.0,4.0,4.0,4.0,3.0,3.0,3.0,0.0,2.0,22.0,3.0,2.0,4.0,3.0,3.0,2.0
213.0,2.0,1.0,3.0,3.0,2.0,3.0,3.0,4.0,3.0,2.0,2.0,2.0,2.0,2.0,3.0,2.0,2.0,2.0,3.0,3.0,3.0,3.0,2.0,2.0,4.0,4.0,4.0,3.0,3.0,2.0,0.0,1.0,45.0,3.0,3.0,4.0,3.0,4.0,5.0
214.0,3.0,5.0,5.0,5.0,3.0,5.0,5.0,5.0,5.0,3.0,3.0,3.0,4.0,2.0,4.0,5.0,3.0,4.0,4.0,4.0,3.0,3.0,2.0,2.0,4.0,4.0,4.0,3.0,2.0,3.0,0.0,2.0,63.0,3.0,3.0,2.0,3.0,3.0,2.0
215.0,1.0,5.0,5.0,5.0,4.0,5.0,5.0,5.0,5.0,3.0,3.0,3.0,5.0,5.0,4.0,4.0,4.0,4.0,5.0,5.0,5.0,5.0,5.0,3.0,4.0,4.0,4.0,3.0,4.0,3.0,1.0,2.0,63.0,3.0,4.0,3.0,4.0,4.0,4.0
216.0,3.0,5.0,3.0,3.0,3.0,3.0,2.0,2.0,3.0,4.0,3.0,4.0,4.0,4.0,3.0,4.0,4.0,4.0,5.0,5.0,5.0,5.0,5.0,2.0,4.0,4.0,4.0,3.0,3.0,3.0,0.0,2.0,20.0,2.0,3.0,3.0,2.0,2.0,2.0
217.0,2.0,4.0,2.0,4.0,3.0,3.0,3.0,4.0,5.0,2.0,2.0,4.0,4.0,4.0,4.0,4.0,4.0,3.0,4.0,4.0,5.0,5.0,5.0,4.0,4.0,4.0,4.0,4.0,4.0,4.0,1.0,2.0,36.0,4.0,4.0,2.0,3.0,3.0,2.0
218.0,2.0,4.0,3.0,3.0,3.0,2.0,2.0,3.0,4.0,3.0,3.0,4.0,2.0,4.0,4.0,3.0,4.0,4.0,3.0,3.0,4.0,3.0,4.0,3.0,4.0,3.0,4.0,3.0,3.0,4.0,1.0,2.0,58.0,4.0,4.0,4.0,4.0,4.0,3.0
219.0,1.0,4.0,2.0,3.0,1.0,2.0,3.0,4.0,5.0,2.0,5.0,3.0,2.0,1.0,3.0,1.0,2.0,3.0,2.0,4.0,2.0,3.0,5.0,2.0,2.0,4.0,4.0,2.0,5.0,1.0,0.0,2.0,68.0,4.0,4.0,4.0,4.0,3.0,3.0
220.0,2.0,3.0,3.0,2.0,3.0,4.0,4.0,3.0,3.0,3.0,4.0,4.0,4.0,3.0,3.0,3.0,3.0,3.0,4.0,4.0,4.0,4.0,3.0,3.0,3.0,3.0,2.0,3.0,3.0,4.0,1.0,2.0,39.0,3.0,4.0,2.0,3.0,4.0,2.0
221.0,3.0,4.0,3.0,3.0,3.0,2.0,3.0,3.0,4.0,3.0,3.0,2.0,3.0,2.0,3.0,3.0,4.0,2.0,4.0,4.0,5.0,3.0,4.0,2.0,3.0,2.0,3.0,2.0,3.0,3.0,0.0,2.0,57.0,2.0,2.0,3.0,2.0,3.0,3.0
222.0,1.0,5.0,3.0,5.0,3.0,3.0,3.0,3.0,3.0,4.0,3.0,3.0,3.0,3.0,3.0,4.0,4.0,4.0,3.0,3.0,3.0,4.0,4.0,3.0,4.0,4.0,4.0,3.0,3.0,3.0,0.0,1.0,67.0,3.0,4.0,4.0,3.0,3.0,4.0
223.0,1.0,3.0,5.0,3.0,3.0,3.0,3.0,3.0,4.0,2.0,2.0,1.0,4.0,3.0,2.0,3.0,4.0,4.0,4.0,5.0,4.0,4.0,5.0,3.0,4.0,4.0,5.0,4.0,4.0,3.0,1.0,2.0,25.0,4.0,4.0,4.0,4.0,4.0,5.0
224.0,2.0,5.0,3.0,5.0,4.0,3.0,4.0,4.0,5.0,3.0,3.0,4.0,4.0,4.0,3.0,3.0,4.0,2.0,5.0,5.0,5.0,5.0,5.0,2.0,2.0,3.0,3.0,3.0,2.0,3.0,0.0,2.0,58.0,5.0,5.0,5.0,3.0,3.0,4.0
225.0,3.0,4.0,2.0,4.0,3.0,3.0,3.0,2.0,3.0,2.0,2.0,2.0,3.0,4.0,2.0,2.0,2.0,2.0,4.0,4.0,4.0,4.0,4.0,3.0,4.0,4.0,4.0,3.0,3.0,2.0,0.0,2.0,35.0,2.0,2.0,3.0,2.0,2.0,2.0
226.0,1.0,4.0,2.0,2.0,5.0,2.0,1.0,2.0,5.0,3.0,2.0,2.0,2.0,5.0,2.0,2.0,4.0,3.0,5.0,5.0,5.0,4.0,5.0,3.0,3.0,3.0,3.0,3.0,3.0,3.0,0.0,2.0,20.0,4.0,4.0,3.0,3.0,4.0,4.0
227.0,2.0,2.0,3.0,4.0,5.0,4.0,4.0,3.0,3.0,2.0,3.0,4.0,3.0,3.0,2.0,3.0,2.0,3.0,4.0,4.0,5.0,4.0,4.0,2.0,3.0,4.0,4.0,3.0,4.0,3.0,0.0,1.0,55.0,3.0,3.0,3.0,4.0,3.0,4.0
228.0,1.0,4.0,3.0,3.0,3.0,3.0,3.0,3.0,3.0,3.0,4.0,4.0,3.0,3.0,4.0,4.0,3.0,3.0,2.0,2.0,2.0,2.0,2.0,3.0,3.0,3.0,3.0,3.0,4.0,3.0,1.0,1.0,54.0,4.0,3.0,4.0,3.0,3.0,3.0
229.0,1.0,2.0,4.0,2.0,4.0,3.0,3.0,3.0,4.0,3.0,3.0,3.0,3.0,3.0,2.0,2.0,2.0,2.0,4.0,4.0,4.0,3.0,4.0,2.0,2.0,2.0,2.0,2.0,2.0,2.0,0.0,1.0,23.0,2.0,3.0,3.0,2.0,3.0,2.0
230.0,1.0,4.0,3.0,3.0,4.0,5.0,5.0,4.0,4.0,2.0,3.0,3.0,4.0,4.0,3.0,3.0,3.0,4.0,4.0,5.0,4.0,4.0,4.0,3.0,4.0,3.0,3.0,3.0,3.0,3.0,0.0,1.0,63.0,3.0,4.0,3.0,4.0,3.0,3.0
231.0,1.0,5.0,3.0,5.0,3.0,3.0,3.0,3.0,3.0,2.0,3.0,4.0,4.0,4.0,3.0,3.0,4.0,4.0,5.0,5.0,5.0,5.0,4.0,3.0,4.0,3.0,4.0,4.0,4.0,4.0,1.0,1.0,22.0,4.0,4.0,5.0,4.0,4.0,4.0
232.0,1.0,5.0,5.0,5.0,2.0,5.0,5.0,5.0,5.0,5.0,4.0,5.0,5.0,4.0,2.0,4.0,4.0,4.0,5.0,5.0,5.0,5.0,5.0,3.0,4.0,4.0,4.0,3.0,4.0,3.0,1.0,2.0,67.0,4.0,3.0,4.0,3.0,3.0,3.0
233.0,1.0,2.0,4.0,2.0,3.0,4.0,4.0,4.0,3.0,3.0,3.0,2.0,3.0,3.0,2.0,2.0,2.0,2.0,4.0,4.0,4.0,4.0,4.0,3.0,3.0,3.0,3.0,3.0,3.0,3.0,0.0,1.0,52.0,4.0,3.0,3.0,4.0,3.0,4.0
234.0,2.0,4.0,4.0,5.0,4.0,4.0,2.0,3.0,3.0,5.0,5.0,4.0,5.0,4.0,4.0,3.0,4.0,3.0,3.0,3.0,4.0,4.0,4.0,4.0,3.0,3.0,3.0,3.0,4.0,4.0,1.0,1.0,55.0,2.0,2.0,4.0,2.0,2.0,4.0
235.0,2.0,5.0,3.0,5.0,3.0,4.0,4.0,4.0,3.0,3.0,4.0,4.0,4.0,3.0,4.0,4.0,3.0,4.0,4.0,4.0,5.0,4.0,4.0,4.0,4.0,3.0,4.0,4.0,3.0,3.0,1.0,1.0,60.0,3.0,2.0,3.0,3.0,3.0,4.0
236.0,2.0,3.0,3.0,2.0,3.0,3.0,4.0,4.0,3.0,2.0,2.0,2.0,2.0,3.0,3.0,3.0,3.0,2.0,4.0,4.0,4.0,4.0,4.0,3.0,3.0,4.0,3.0,3.0,3.0,4.0,1.0,1.0,41.0,1.0,1.0,1.0,1.0,2.0,2.0
237.0,1.0,3.0,4.0,3.0,2.0,2.0,3.0,2.0,2.0,2.0,2.0,2.0,2.0,2.0,3.0,3.0,3.0,3.0,4.0,4.0,4.0,4.0,4.0,3.0,3.0,3.0,3.0,3.0,3.0,3.0,0.0,1.0,65.0,4.0,4.0,4.0,4.0,3.0,4.0
238.0,2.0,4.0,4.0,3.0,2.0,2.0,3.0,3.0,3.0,2.0,2.0,3.0,3.0,2.0,3.0,3.0,4.0,2.0,4.0,4.0,4.0,4.0,4.0,2.0,4.0,2.0,3.0,2.0,2.0,2.0,0.0,2.0,53.0,1.0,1.0,2.0,2.0,2.0,1.0
239.0,1.0,3.0,4.0,4.0,3.0,3.0,3.0,3.0,3.0,2.0,3.0,3.0,3.0,3.0,3.0,3.0,4.0,3.0,4.0,4.0,3.0,3.0,4.0,2.0,3.0,3.0,3.0,2.0,3.0,3.0,0.0,2.0,67.0,3.0,3.0,4.0,4.0,3.0,4.0
240.0,1.0,3.0,3.0,2.0,4.0,3.0,4.0,4.0,4.0,3.0,3.0,3.0,3.0,4.0,4.0,4.0,4.0,4.0,4.0,4.0,4.0,4.0,4.0,4.0,3.0,3.0,3.0,4.0,4.0,3.0,1.0,2.0,23.0,4.0,4.0,5.0,4.0,4.0,4.0
241.0,1.0,1.0,2.0,1.0,3.0,5.0,5.0,2.0,5.0,2.0,2.0,2.0,2.0,4.0,3.0,3.0,4.0,2.0,5.0,5.0,5.0,5.0,5.0,3.0,3.0,3.0,3.0,3.0,3.0,3.0,0.0,2.0,49.0,4.0,4.0,4.0,4.0,4.0,3.0
242.0,2.0,3.0,4.0,2.0,4.0,4.0,4.0,4.0,4.0,2.0,2.0,3.0,4.0,4.0,4.0,4.0,4.0,4.0,4.0,4.0,4.0,4.0,4.0,3.0,4.0,3.0,4.0,3.0,3.0,3.0,0.0,2.0,60.0,1.0,2.0,1.0,1.0,1.0,2.0
243.0,3.0,2.0,1.0,1.0,3.0,4.0,4.0,3.0,3.0,1.0,1.0,1.0,1.0,2.0,1.0,1.0,1.0,1.0,4.0,4.0,4.0,4.0,4.0,3.0,3.0,3.0,2.0,2.0,3.0,3.0,0.0,1.0,38.0,3.0,3.0,3.0,3.0,3.0,3.0
244.0,2.0,2.0,3.0,2.0,3.0,3.0,4.0,3.0,3.0,2.0,3.0,4.0,5.0,4.0,4.0,3.0,4.0,3.0,2.0,3.0,3.0,3.0,3.0,3.0,3.0,3.0,3.0,3.0,4.0,3.0,1.0,1.0,36.0,5.0,5.0,4.0,5.0,5.0,4.0
245.0,1.0,3.0,2.0,2.0,4.0,2.0,3.0,3.0,2.0,2.0,5.0,5.0,5.0,5.0,3.0,3.0,4.0,3.0,5.0,5.0,5.0,5.0,5.0,2.0,3.0,3.0,3.0,3.0,3.0,4.0,0.0,1.0,39.0,3.0,3.0,3.0,3.0,3.0,4.0
246.0,3.0,4.0,5.0,5.0,3.0,3.0,3.0,3.0,3.0,1.0,1.0,2.0,2.0,3.0,2.0,3.0,2.0,2.0,3.0,4.0,4.0,3.0,3.0,2.0,3.0,2.0,2.0,2.0,2.0,2.0,0.0,1.0,65.0,2.0,1.0,2.0,2.0,2.0,2.0
247.0,1.0,2.0,3.0,2.0,3.0,4.0,4.0,4.0,4.0,3.0,4.0,2.0,3.0,3.0,3.0,3.0,2.0,4.0,4.0,4.0,4.0,4.0,4.0,3.0,4.0,4.0,3.0,3.0,3.0,3.0,1.0,1.0,30.0,3.0,3.0,4.0,3.0,3.0,4.0
248.0,1.0,5.0,4.0,5.0,4.0,4.0,4.0,3.0,3.0,2.0,2.0,2.0,3.0,2.0,2.0,3.0,2.0,2.0,4.0,4.0,4.0,4.0,4.0,2.0,3.0,1.0,2.0,2.0,2.0,2.0,0.0,2.0,61.0,2.0,2.0,3.0,2.0,3.0,2.0
249.0,3.0,3.0,3.0,5.0,3.0,2.0,3.0,4.0,4.0,2.0,2.0,3.0,3.0,3.0,4.0,3.0,4.0,3.0,4.0,4.0,4.0,4.0,3.0,3.0,3.0,2.0,2.0,1.0,2.0,2.0,0.0,1.0,64.0,2.0,1.0,2.0,2.0,2.0,2.0
250.0,1.0,2.0,3.0,3.0,3.0,3.0,3.0,3.0,3.0,2.0,3.0,3.0,3.0,3.0,2.0,3.0,3.0,3.0,4.0,4.0,4.0,4.0,4.0,2.0,3.0,3.0,3.0,2.0,3.0,3.0,0.0,2.0,64.0,3.0,3.0,3.0,4.0,4.0,4.0
251.0,2.0,4.0,4.0,3.0,2.0,4.0,4.0,4.0,5.0,4.0,4.0,4.0,4.0,4.0,3.0,3.0,3.0,2.0,5.0,5.0,4.0,4.0,4.0,4.0,4.0,3.0,3.0,3.0,4.0,3.0,1.0,1.0,49.0,3.0,3.0,4.0,4.0,4.0,3.0
252.0,3.0,2.0,4.0,4.0,4.0,4.0,4.0,3.0,3.0,2.0,3.0,4.0,4.0,4.0,2.0,3.0,3.0,3.0,3.0,4.0,3.0,3.0,3.0,2.0,3.0,1.0,1.0,3.0,2.0,2.0,0.0,1.0,28.0,1.0,2.0,1.0,1.0,2.0,1.0
253.0,2.0,5.0,3.0,3.0,3.0,3.0,4.0,3.0,4.0,3.0,3.0,3.0,4.0,4.0,3.0,3.0,4.0,3.0,4.0,4.0,4.0,4.0,4.0,4.0,4.0,3.0,3.0,4.0,4.0,4.0,1.0,2.0,50.0,1.0,1.0,3.0,2.0,1.0,2.0
254.0,1.0,5.0,3.0,5.0,3.0,5.0,5.0,3.0,5.0,3.0,3.0,3.0,4.0,3.0,3.0,3.0,4.0,3.0,5.0,5.0,5.0,5.0,5.0,5.0,4.0,4.0,4.0,5.0,5.0,5.0,1.0,1.0,24.0,5.0,5.0,5.0,5.0,5.0,5.0
255.0,1.0,4.0,4.0,4.0,5.0,5.0,5.0,5.0,5.0,4.0,4.0,4.0,4.0,3.0,4.0,4.0,5.0,4.0,5.0,5.0,5.0,5.0,5.0,4.0,5.0,5.0,5.0,3.0,4.0,4.0,1.0,2.0,61.0,5.0,4.0,4.0,4.0,5.0,5.0
256.0,1.0,3.0,5.0,4.0,4.0,3.0,4.0,2.0,2.0,3.0,3.0,3.0,3.0,3.0,4.0,3.0,3.0,3.0,2.0,2.0,2.0,2.0,2.0,3.0,2.0,3.0,2.0,3.0,3.0,3.0,1.0,2.0,48.0,4.0,3.0,3.0,3.0,3.0,3.0
257.0,1.0,4.0,5.0,5.0,3.0,3.0,3.0,3.0,3.0,4.0,4.0,4.0,4.0,4.0,4.0,5.0,5.0,4.0,4.0,4.0,4.0,4.0,4.0,3.0,4.0,4.0,4.0,3.0,3.0,3.0,0.0,2.0,27.0,3.0,3.0,4.0,3.0,3.0,4.0
258.0,2.0,3.0,4.0,3.0,5.0,5.0,5.0,5.0,5.0,4.0,4.0,3.0,5.0,3.0,2.0,3.0,3.0,1.0,5.0,5.0,5.0,5.0,5.0,3.0,3.0,3.0,3.0,3.0,4.0,3.0,1.0,1.0,63.0,4.0,3.0,4.0,3.0,2.0,4.0
259.0,1.0,4.0,3.0,5.0,3.0,3.0,3.0,4.0,3.0,4.0,4.0,4.0,4.0,3.0,3.0,3.0,3.0,3.0,3.0,3.0,2.0,3.0,3.0,3.0,3.0,3.0,3.0,3.0,3.0,3.0,0.0,2.0,48.0,3.0,4.0,3.0,3.0,4.0,4.0
260.0,1.0,3.0,4.0,4.0,2.0,4.0,4.0,4.0,4.0,2.0,1.0,1.0,1.0,4.0,4.0,4.0,4.0,4.0,4.0,4.0,4.0,4.0,4.0,4.0,4.0,4.0,4.0,4.0,4.0,3.0,1.0,2.0,35.0,5.0,4.0,5.0,5.0,4.0,5.0
261.0,2.0,3.0,2.0,3.0,3.0,4.0,4.0,4.0,2.0,2.0,1.0,1.0,2.0,3.0,2.0,3.0,3.0,3.0,4.0,4.0,4.0,4.0,3.0,3.0,4.0,4.0,4.0,4.0,3.0,3.0,1.0,2.0,51.0,4.0,2.0,4.0,4.0,2.0,3.0
262.0,1.0,2.0,2.0,4.0,4.0,4.0,4.0,4.0,5.0,2.0,2.0,3.0,4.0,4.0,3.0,3.0,2.0,3.0,3.0,2.0,3.0,3.0,3.0,4.0,4.0,2.0,4.0,4.0,3.0,3.0,1.0,1.0,22.0,3.0,3.0,4.0,4.0,4.0,3.0
263.0,2.0,5.0,4.0,5.0,3.0,4.0,4.0,2.0,3.0,1.0,1.0,1.0,2.0,3.0,1.0,2.0,3.0,2.0,3.0,3.0,3.0,3.0,2.0,2.0,3.0,2.0,2.0,2.0,1.0,2.0,0.0,2.0,66.0,3.0,3.0,4.0,2.0,4.0,4.0
264.0,2.0,2.0,2.0,2.0,2.0,2.0,3.0,3.0,4.0,3.0,3.0,3.0,3.0,3.0,3.0,3.0,3.0,3.0,3.0,3.0,3.0,3.0,3.0,3.0,3.0,3.0,3.0,3.0,3.0,3.0,0.0,1.0,64.0,3.0,4.0,2.0,4.0,4.0,3.0
265.0,3.0,4.0,4.0,2.0,3.0,2.0,3.0,3.0,4.0,3.0,3.0,3.0,3.0,4.0,4.0,3.0,3.0,3.0,3.0,3.0,3.0,3.0,3.0,2.0,3.0,2.0,3.0,3.0,2.0,2.0,0.0,2.0,46.0,1.0,1.0,2.0,1.0,2.0,1.0
266.0,1.0,2.0,2.0,3.0,3.0,3.0,3.0,3.0,4.0,2.0,2.0,3.0,3.0,4.0,4.0,3.0,3.0,3.0,3.0,3.0,3.0,3.0,3.0,3.0,3.0,3.0,3.0,3.0,3.0,3.0,0.0,1.0,44.0,4.0,3.0,3.0,3.0,3.0,3.0
267.0,1.0,4.0,4.0,4.0,2.0,2.0,3.0,3.0,3.0,2.0,2.0,3.0,3.0,4.0,3.0,3.0,4.0,2.0,3.0,3.0,3.0,3.0,3.0,2.0,2.0,2.0,2.0,2.0,2.0,2.0,0.0,1.0,44.0,3.0,2.0,2.0,2.0,2.0,3.0
268.0,2.0,3.0,4.0,3.0,3.0,4.0,3.0,3.0,3.0,3.0,3.0,3.0,3.0,3.0,3.0,3.0,4.0,4.0,4.0,4.0,4.0,4.0,5.0,3.0,3.0,4.0,3.0,3.0,3.0,4.0,1.0,2.0,36.0,4.0,2.0,3.0,3.0,3.0,4.0
269.0,1.0,4.0,4.0,3.0,3.0,3.0,3.0,3.0,3.0,2.0,2.0,2.0,2.0,3.0,3.0,3.0,3.0,3.0,4.0,4.0,4.0,4.0,4.0,3.0,3.0,3.0,3.0,3.0,3.0,3.0,0.0,2.0,27.0,4.0,3.0,3.0,4.0,4.0,4.0
270.0,1.0,4.0,4.0,2.0,3.0,4.0,3.0,3.0,3.0,3.0,2.0,1.0,2.0,3.0,3.0,4.0,3.0,3.0,2.0,2.0,2.0,2.0,2.0,3.0,4.0,4.0,4.0,3.0,3.0,3.0,0.0,2.0,21.0,3.0,3.0,3.0,3.0,4.0,3.0
271.0,1.0,3.0,4.0,2.0,2.0,2.0,3.0,2.0,4.0,3.0,3.0,3.0,3.0,3.0,2.0,3.0,4.0,3.0,5.0,5.0,5.0,4.0,5.0,3.0,3.0,3.0,3.0,3.0,3.0,3.0,0.0,2.0,65.0,4.0,3.0,4.0,3.0,4.0,4.0
272.0,2.0,5.0,5.0,5.0,4.0,5.0,5.0,5.0,5.0,3.0,3.0,4.0,5.0,5.0,5.0,4.0,5.0,5.0,5.0,5.0,5.0,5.0,5.0,4.0,4.0,4.0,4.0,3.0,4.0,5.0,1.0,1.0,23.0,3.0,2.0,2.0,2.0,3.0,3.0
273.0,3.0,4.0,3.0,2.0,5.0,5.0,5.0,5.0,5.0,3.0,4.0,1.0,3.0,4.0,3.0,3.0,3.0,4.0,1.0,5.0,5.0,4.0,4.0,3.0,4.0,1.0,3.0,4.0,3.0,1.0,0.0,1.0,55.0,3.0,2.0,3.0,3.0,2.0,2.0
274.0,2.0,2.0,4.0,2.0,4.0,3.0,4.0,5.0,5.0,2.0,2.0,2.0,2.0,2.0,4.0,4.0,4.0,3.0,3.0,3.0,4.0,4.0,4.0,3.0,3.0,3.0,3.0,3.0,4.0,3.0,1.0,2.0,35.0,3.0,2.0,3.0,1.0,3.0,1.0
275.0,2.0,1.0,2.0,1.0,4.0,2.0,3.0,3.0,4.0,1.0,1.0,2.0,3.0,4.0,4.0,4.0,4.0,3.0,5.0,5.0,5.0,5.0,5.0,2.0,4.0,3.0,4.0,2.0,3.0,2.0,0.0,1.0,35.0,2.0,3.0,3.0,2.0,3.0,2.0
276.0,2.0,3.0,2.0,1.0,3.0,4.0,3.0,3.0,4.0,1.0,1.0,2.0,4.0,3.0,3.0,3.0,4.0,3.0,3.0,3.0,4.0,3.0,3.0,3.0,3.0,3.0,4.0,3.0,3.0,4.0,1.0,2.0,38.0,2.0,2.0,2.0,3.0,4.0,4.0
277.0,2.0,4.0,5.0,4.0,5.0,1.0,1.0,1.0,3.0,4.0,5.0,5.0,3.0,4.0,5.0,5.0,4.0,4.0,5.0,3.0,4.0,5.0,3.0,4.0,3.0,5.0,4.0,4.0,3.0,5.0,1.0,1.0,67.0,1.0,3.0,1.0,2.0,1.0,1.0
278.0,1.0,2.0,2.0,2.0,3.0,3.0,3.0,4.0,5.0,4.0,3.0,2.0,3.0,4.0,3.0,3.0,3.0,2.0,3.0,4.0,4.0,4.0,3.0,3.0,2.0,3.0,3.0,2.0,3.0,3.0,0.0,2.0,67.0,3.0,3.0,4.0,4.0,4.0,3.0
279.0,1.0,4.0,4.0,4.0,4.0,4.0,3.0,3.0,4.0,2.0,3.0,4.0,4.0,4.0,3.0,3.0,3.0,4.0,5.0,5.0,4.0,3.0,3.0,3.0,4.0,4.0,3.0,2.0,4.0,3.0,1.0,1.0,25.0,4.0,3.0,4.0,4.0,4.0,3.0
280.0,2.0,2.0,4.0,2.0,3.0,3.0,2.0,4.0,4.0,2.0,2.0,2.0,3.0,4.0,5.0,2.0,3.0,4.0,2.0,4.0,4.0,1.0,1.0,5.0,3.0,2.0,4.0,2.0,4.0,5.0,1.0,1.0,57.0,3.0,1.0,3.0,2.0,3.0,1.0
281.0,2.0,3.0,4.0,2.0,2.0,2.0,3.0,2.0,3.0,3.0,2.0,2.0,2.0,3.0,2.0,4.0,4.0,3.0,4.0,3.0,3.0,3.0,4.0,4.0,4.0,3.0,2.0,3.0,2.0,3.0,0.0,2.0,43.0,4.0,4.0,4.0,4.0,2.0,3.0
282.0,1.0,3.0,2.0,3.0,3.0,4.0,2.0,3.0,3.0,4.0,2.0,3.0,4.0,4.0,2.0,2.0,3.0,3.0,4.0,3.0,4.0,3.0,3.0,3.0,3.0,2.0,3.0,3.0,3.0,4.0,1.0,1.0,44.0,4.0,4.0,3.0,3.0,3.0,3.0
283.0,3.0,4.0,5.0,5.0,3.0,2.0,2.0,2.0,2.0,3.0,2.0,4.0,4.0,3.0,4.0,2.0,3.0,4.0,3.0,3.0,4.0,4.0,5.0,3.0,4.0,3.0,3.0,2.0,3.0,3.0,0.0,1.0,59.0,3.0,2.0,3.0,2.0,2.0,2.0
284.0,2.0,5.0,5.0,5.0,3.0,4.0,2.0,3.0,4.0,2.0,1.0,2.0,2.0,3.0,3.0,4.0,4.0,3.0,5.0,4.0,4.0,4.0,4.0,2.0,3.0,2.0,2.0,2.0,2.0,2.0,0.0,1.0,50.0,3.0,2.0,4.0,4.0,3.0,3.0
285.0,3.0,4.0,3.0,2.0,3.0,4.0,3.0,2.0,4.0,3.0,2.0,3.0,4.0,3.0,4.0,5.0,4.0,5.0,5.0,4.0,4.0,4.0,3.0,2.0,3.0,4.0,3.0,2.0,3.0,2.0,0.0,1.0,42.0,2.0,2.0,2.0,2.0,2.0,1.0
286.0,1.0,3.0,3.0,2.0,4.0,4.0,4.0,4.0,4.0,2.0,2.0,3.0,3.0,3.0,3.0,4.0,4.0,5.0,5.0,5.0,4.0,5.0,5.0,4.0,5.0,3.0,3.0,3.0,3.0,4.0,1.0,1.0,40.0,3.0,3.0,4.0,3.0,4.0,4.0
287.0,3.0,3.0,3.0,1.0,4.0,3.0,3.0,2.0,3.0,2.0,2.0,2.0,2.0,3.0,3.0,3.0,4.0,3.0,4.0,4.0,5.0,5.0,5.0,2.0,3.0,3.0,3.0,2.0,2.0,1.0,0.0,1.0,64.0,2.0,2.0,1.0,2.0,2.0,2.0
288.0,2.0,2.0,4.0,3.0,4.0,5.0,5.0,3.0,3.0,3.0,3.0,3.0,2.0,2.0,3.0,3.0,3.0,4.0,5.0,5.0,5.0,4.0,4.0,4.0,4.0,3.0,3.0,4.0,3.0,3.0,1.0,1.0,30.0,5.0,5.0,4.0,4.0,4.0,5.0
289.0,2.0,4.0,5.0,4.0,5.0,5.0,5.0,3.0,3.0,3.0,2.0,4.0,4.0,5.0,5.0,5.0,5.0,4.0,5.0,5.0,5.0,5.0,5.0,3.0,4.0,4.0,4.0,4.0,3.0,3.0,1.0,2.0,63.0,3.0,3.0,3.0,3.0,4.0,2.0
290.0,3.0,2.0,4.0,2.0,4.0,3.0,3.0,3.0,4.0,2.0,2.0,3.0,4.0,2.0,2.0,2.0,2.0,2.0,5.0,4.0,4.0,4.0,4.0,2.0,4.0,3.0,4.0,2.0,3.0,2.0,0.0,2.0,69.0,2.0,1.0,1.0,2.0,1.0,2.0
291.0,1.0,3.0,3.0,4.0,3.0,2.0,3.0,3.0,3.0,4.0,4.0,5.0,4.0,3.0,2.0,3.0,3.0,3.0,5.0,4.0,4.0,4.0,4.0,3.0,4.0,4.0,3.0,3.0,3.0,3.0,1.0,1.0,52.0,4.0,3.0,4.0,3.0,4.0,3.0
292.0,1.0,2.0,2.0,2.0,3.0,3.0,3.0,3.0,3.0,2.0,1.0,3.0,1.0,2.0,4.0,4.0,4.0,4.0,5.0,5.0,5.0,4.0,5.0,3.0,3.0,3.0,3.0,3.0,4.0,4.0,1.0,1.0,42.0,5.0,5.0,5.0,5.0,5.0,5.0
293.0,2.0,2.0,3.0,2.0,3.0,2.0,4.0,3.0,4.0,3.0,3.0,3.0,2.0,4.0,4.0,2.0,3.0,4.0,2.0,3.0,3.0,1.0,3.0,2.0,3.0,3.0,2.0,3.0,2.0,4.0,0.0,1.0,31.0,1.0,1.0,1.0,1.0,1.0,1.0
294.0,2.0,4.0,5.0,3.0,2.0,3.0,4.0,3.0,3.0,4.0,3.0,3.0,3.0,4.0,3.0,3.0,2.0,3.0,3.0,2.0,3.0,3.0,3.0,3.0,5.0,4.0,4.0,3.0,3.0,2.0,0.0,1.0,62.0,1.0,1.0,1.0,1.0,1.0,1.0
295.0,2.0,4.0,2.0,3.0,3.0,4.0,4.0,3.0,5.0,4.0,2.0,2.0,2.0,2.0,3.0,3.0,3.0,4.0,4.0,4.0,3.0,3.0,4.0,3.0,3.0,4.0,3.0,4.0,4.0,3.0,1.0,2.0,20.0,1.0,1.0,1.0,1.0,1.0,1.0
296.0,2.0,4.0,3.0,4.0,3.0,3.0,4.0,4.0,2.0,2.0,2.0,2.0,3.0,3.0,2.0,3.0,2.0,2.0,5.0,5.0,4.0,4.0,4.0,3.0,4.0,3.0,3.0,3.0,3.0,3.0,1.0,1.0,40.0,1.0,1.0,1.0,1.0,1.0,1.0
297.0,3.0,2.0,2.0,2.0,3.0,4.0,5.0,4.0,4.0,1.0,1.0,3.0,4.0,2.0,5.0,4.0,5.0,3.0,4.0,5.0,5.0,2.0,2.0,1.0,4.0,4.0,2.0,1.0,3.0,3.0,0.0,1.0,62.0,2.0,2.0,2.0,1.0,1.0,2.0
298.0,2.0,4.0,5.0,3.0,3.0,4.0,4.0,5.0,5.0,3.0,3.0,4.0,5.0,5.0,5.0,3.0,3.0,4.0,5.0,5.0,4.0,4.0,5.0,4.0,4.0,3.0,4.0,5.0,5.0,4.0,1.0,1.0,30.0,1.0,1.0,1.0,1.0,1.0,1.0
299.0,2.0,4.0,3.0,3.0,3.0,5.0,5.0,3.0,4.0,2.0,2.0,3.0,4.0,4.0,3.0,3.0,3.0,4.0,5.0,5.0,5.0,5.0,5.0,4.0,4.0,3.0,3.0,3.0,3.0,2.0,1.0,1.0,58.0,1.0,1.0,1.0,1.0,1.0,1.0
300.0,3.0,4.0,4.0,4.0,3.0,4.0,4.0,3.0,3.0,3.0,3.0,4.0,4.0,3.0,2.0,2.0,3.0,2.0,4.0,4.0,3.0,3.0,4.0,2.0,3.0,3.0,3.0,2.0,2.0,2.0,0.0,1.0,57.0,2.0,1.0,2.0,2.0,2.0,1.0
